model,objective_id,reaction_id,category,solver,status,residual_inf_median,iters_median,feasible,obj_agree_with_cuopt,both_feasible
e_coli_core,BIOMASS_Ecoli_core_w_GAM,BIOMASS_Ecoli_core_w_GAM,growth,cuopt,Optimal,7.779511312921983e-09,8200,True,True,True
e_coli_core,BIOMASS_Ecoli_core_w_GAM,BIOMASS_Ecoli_core_w_GAM,growth,gurobi,Optimal,1.4210854715202004e-13,10,True,True,True
e_coli_core,ATPM,ATPM,energy_maintenance,cuopt,Optimal,1.8483206076780334e-09,5200,True,True,True
e_coli_core,ATPM,ATPM,energy_maintenance,gurobi,Optimal,0.0,8,True,True,True
e_coli_core,EX_ac_e,EX_ac_e,fermentation_product,cuopt,Optimal,9.395624951669124e-09,4600,True,True,True
e_coli_core,EX_ac_e,EX_ac_e,fermentation_product,gurobi,Optimal,4.973799150320701e-13,9,True,True,True
e_coli_core,EX_etoh_e,EX_etoh_e,fermentation_product,cuopt,Optimal,1.131958526912058e-09,1500,True,True,True
e_coli_core,EX_etoh_e,EX_etoh_e,fermentation_product,gurobi,Optimal,0.0,9,True,True,True
e_coli_core,EX_for_e,EX_for_e,fermentation_product,cuopt,Optimal,3.050217856070958e-09,5200,True,True,True
e_coli_core,EX_for_e,EX_for_e,fermentation_product,gurobi,Optimal,0.0,9,True,True,True
e_coli_core,EX_lac__D_e,EX_lac__D_e,fermentation_product,cuopt,Optimal,9.325693550721326e-10,1700,True,True,True
e_coli_core,EX_lac__D_e,EX_lac__D_e,fermentation_product,gurobi,Optimal,5.684341886080802e-14,9,True,True,True
e_coli_core,EX_succ_e,EX_succ_e,fermentation_product,cuopt,Optimal,5.301628469567277e-09,3400,True,True,True
e_coli_core,EX_succ_e,EX_succ_e,fermentation_product,gurobi,Optimal,3.268496584496461e-13,9,True,True,True
e_coli_core,EX_pyr_e,EX_pyr_e,central_metabolite_secretion,cuopt,Optimal,1.3656773489856278e-09,2900,True,True,True
e_coli_core,EX_pyr_e,EX_pyr_e,central_metabolite_secretion,gurobi,Optimal,0.0,9,True,True,True
e_coli_core,EX_fum_e,EX_fum_e,central_metabolite_secretion,cuopt,Optimal,6.928569601730161e-09,2600,True,True,True
e_coli_core,EX_fum_e,EX_fum_e,central_metabolite_secretion,gurobi,Optimal,0.0,6,True,True,True
e_coli_core,EX_co2_e,EX_co2_e,respiration_byproduct,cuopt,Optimal,5.553645543443508e-09,6500,True,True,True
e_coli_core,EX_co2_e,EX_co2_e,respiration_byproduct,gurobi,Optimal,5.684341886080802e-14,10,True,True,True
iML1515,BIOMASS_Ec_iML1515_core_75p37M,BIOMASS_Ec_iML1515_core_75p37M,growth,cuopt,Optimal,2.9543798518716358e-09,124400,True,True,True
iML1515,BIOMASS_Ec_iML1515_core_75p37M,BIOMASS_Ec_iML1515_core_75p37M,growth,gurobi,Optimal,1.1652900866465643e-12,26,True,True,True
iML1515,ATPM,ATPM,energy_maintenance,cuopt,Optimal,9.041066562076594e-09,136400,True,True,True
iML1515,ATPM,ATPM,energy_maintenance,gurobi,Optimal,5.329070518200751e-13,20,True,True,True
iML1515,EX_ala__L_e,EX_ala__L_e,amino_acid_production,cuopt,Optimal,5.820279132530036e-09,25600,True,True,True
iML1515,EX_ala__L_e,EX_ala__L_e,amino_acid_production,gurobi,Optimal,2.2737367544323206e-13,20,True,True,True
iML1515,EX_gly_e,EX_gly_e,amino_acid_production,cuopt,Optimal,8.839920795367107e-09,57800,True,True,True
iML1515,EX_gly_e,EX_gly_e,amino_acid_production,gurobi,Optimal,6.759037773917953e-13,21,True,True,True
iML1515,EX_lys__L_e,EX_lys__L_e,amino_acid_production,cuopt,Optimal,9.461920136288882e-09,30000,True,True,True
iML1515,EX_lys__L_e,EX_lys__L_e,amino_acid_production,gurobi,Optimal,1.1368683772161603e-13,23,True,True,True
iML1515,EX_glu__L_e,EX_glu__L_e,amino_acid_production,cuopt,Optimal,7.0431506098698006e-09,40800,True,True,True
iML1515,EX_glu__L_e,EX_glu__L_e,amino_acid_production,gurobi,Optimal,2.334132886971929e-12,26,True,True,True
iML1515,EX_phe__L_e,EX_phe__L_e,amino_acid_production,cuopt,Optimal,4.082185256493176e-09,26800,True,True,True
iML1515,EX_phe__L_e,EX_phe__L_e,amino_acid_production,gurobi,Optimal,4.547473508864641e-13,23,True,True,True
iML1515,EX_trp__L_e,EX_trp__L_e,amino_acid_production,cuopt,Optimal,8.640288484684788e-09,30000,True,True,True
iML1515,EX_trp__L_e,EX_trp__L_e,amino_acid_production,gurobi,Optimal,2.5579538487363607e-13,22,True,True,True
iML1515,EX_ac_e,EX_ac_e,fermentation_product,cuopt,Optimal,4.556285833200835e-09,47800,True,True,True
iML1515,EX_ac_e,EX_ac_e,fermentation_product,gurobi,Optimal,4.373390538603417e-12,23,True,True,True
iML1515,EX_etoh_e,EX_etoh_e,fermentation_product,cuopt,Optimal,2.797119607982068e-09,43600,True,True,True
iML1515,EX_etoh_e,EX_etoh_e,fermentation_product,gurobi,Optimal,5.684341886080801e-13,22,True,True,True
iML1515,EX_for_e,EX_for_e,fermentation_product,cuopt,Optimal,6.696882333233328e-09,144600,True,True,True
iML1515,EX_for_e,EX_for_e,fermentation_product,gurobi,Optimal,3.410605131648481e-13,17,True,True,True
iML1515,EX_lac__D_e,EX_lac__D_e,fermentation_product,cuopt,Optimal,4.839884583818926e-09,34000,True,True,True
iML1515,EX_lac__D_e,EX_lac__D_e,fermentation_product,gurobi,Optimal,2.2737367544323206e-13,24,True,True,True
iML1515,EX_succ_e,EX_succ_e,fermentation_product,cuopt,Optimal,2.220835681058581e-09,33600,True,True,True
iML1515,EX_succ_e,EX_succ_e,fermentation_product,gurobi,Optimal,3.552713678800501e-13,22,True,True,True
iML1515,EX_pyr_e,EX_pyr_e,fermentation_product,cuopt,Optimal,5.270634810549828e-09,54200,True,True,True
iML1515,EX_pyr_e,EX_pyr_e,fermentation_product,gurobi,Optimal,9.094947017729282e-13,23,True,True,True
iML1515,EX_glyc_e,EX_glyc_e,biochemical_product,cuopt,Optimal,9.648394083683343e-09,29600,True,True,True
iML1515,EX_glyc_e,EX_glyc_e,biochemical_product,gurobi,Optimal,1.1013412404281553e-13,20,True,True,True
iML1515,EX_ptrc_e,EX_ptrc_e,polyamine_production,cuopt,Optimal,1.5437198186418755e-09,32800,True,True,True
iML1515,EX_ptrc_e,EX_ptrc_e,polyamine_production,gurobi,Optimal,3.277378368693462e-13,23,True,True,True
iML1515,EX_15dap_e,EX_15dap_e,polyamine_production,cuopt,Optimal,5.693149063290548e-09,29400,True,True,True
iML1515,EX_15dap_e,EX_15dap_e,polyamine_production,gurobi,Optimal,4.4142467459096224e-13,22,True,True,True
iML1515,EX_octa_e,EX_octa_e,fatty_acid_production,cuopt,Optimal,8.392662294308856e-09,170800,True,True,True
iML1515,EX_octa_e,EX_octa_e,fatty_acid_production,gurobi,Optimal,1.1368683772161603e-13,51,True,True,True
iML1515,EX_hdca_e,EX_hdca_e,fatty_acid_production,cuopt,Optimal,8.392662294308856e-09,170800,True,True,True
iML1515,EX_hdca_e,EX_hdca_e,fatty_acid_production,gurobi,Optimal,1.7053025658242404e-13,32,True,True,True
iML1515,EX_ocdcea_e,EX_ocdcea_e,fatty_acid_production,cuopt,Optimal,8.392662294308856e-09,170800,True,True,True
iML1515,EX_ocdcea_e,EX_ocdcea_e,fatty_acid_production,gurobi,Optimal,1.7053025658242404e-13,32,True,True,True
iML1515,EX_btn_e,EX_btn_e,vitamin_cofactor_production,cuopt,Optimal,8.392662294308856e-09,170800,True,True,True
iML1515,EX_btn_e,EX_btn_e,vitamin_cofactor_production,gurobi,Optimal,3.410605131648481e-13,38,True,True,True
iML1515,EX_thm_e,EX_thm_e,vitamin_cofactor_production,cuopt,Optimal,8.392662294308856e-09,170800,True,True,True
iML1515,EX_thm_e,EX_thm_e,vitamin_cofactor_production,gurobi,Optimal,9.663381206337363e-13,49,True,True,True
iML1515,EX_adocbl_e,EX_adocbl_e,vitamin_cofactor_production,cuopt,Optimal,8.392662294308856e-09,170800,True,True,True
iML1515,EX_adocbl_e,EX_adocbl_e,vitamin_cofactor_production,gurobi,Optimal,1.7053025658242404e-13,32,True,True,True
iML1515,EX_adn_e,EX_adn_e,nucleoside_production,cuopt,Optimal,8.065713430482901e-09,40800,True,True,True
iML1515,EX_adn_e,EX_adn_e,nucleoside_production,gurobi,Optimal,1.8189894035458565e-12,22,True,True,True
iML1515,EX_uri_e,EX_uri_e,nucleoside_production,cuopt,Optimal,6.174294853167339e-09,25400,True,True,True
iML1515,EX_uri_e,EX_uri_e,nucleoside_production,gurobi,Optimal,2.4069635173873394e-13,22,True,True,True
Harvey,Whole_body_objective_rxn,Whole_body_objective_rxn,whole_body,cuopt,Optimal,5.5791078423794715e-09,31600,True,True,True
Harvey,Whole_body_objective_rxn,Whole_body_objective_rxn,whole_body,gurobi,Optimal,3.3396645449101925e-09,55,True,True,True
Harvey,Adipocytes_biomass_maintenance,Adipocytes_biomass_maintenance,organ_biomass,cuopt,Optimal,5.5791078423794715e-09,31600,True,True,True
Harvey,Adipocytes_biomass_maintenance,Adipocytes_biomass_maintenance,organ_biomass,gurobi,Optimal,3.3396645449101925e-09,55,True,True,True
Harvey,Agland_biomass_maintenance,Agland_biomass_maintenance,organ_biomass,cuopt,Optimal,5.5791078423794715e-09,31600,True,True,True
Harvey,Agland_biomass_maintenance,Agland_biomass_maintenance,organ_biomass,gurobi,Optimal,3.3396645449101925e-09,55,True,True,True
Harvey,Brain_biomass_maintenance,Brain_biomass_maintenance,organ_biomass,cuopt,Optimal,5.5791078423794715e-09,31600,True,True,True
Harvey,Brain_biomass_maintenance,Brain_biomass_maintenance,organ_biomass,gurobi,Optimal,3.3396645449101925e-09,55,True,True,True
Harvey,Colon_biomass_maintenance,Colon_biomass_maintenance,organ_biomass,cuopt,Optimal,5.5791078423794715e-09,31600,True,True,True
Harvey,Colon_biomass_maintenance,Colon_biomass_maintenance,organ_biomass,gurobi,Optimal,3.3396645449101925e-09,55,True,True,True
Harvey,Heart_biomass_maintenance,Heart_biomass_maintenance,organ_biomass,cuopt,Optimal,5.5791078423794715e-09,31600,True,True,True
Harvey,Heart_biomass_maintenance,Heart_biomass_maintenance,organ_biomass,gurobi,Optimal,3.3396645449101925e-09,55,True,True,True
Harvey,Kidney_biomass_maintenance,Kidney_biomass_maintenance,organ_biomass,cuopt,Optimal,5.5791078423794715e-09,31600,True,True,True
Harvey,Kidney_biomass_maintenance,Kidney_biomass_maintenance,organ_biomass,gurobi,Optimal,3.3396645449101925e-09,55,True,True,True
Harvey,Liver_biomass_maintenance,Liver_biomass_maintenance,organ_biomass,cuopt,Optimal,5.5791078423794715e-09,31600,True,True,True
Harvey,Liver_biomass_maintenance,Liver_biomass_maintenance,organ_biomass,gurobi,Optimal,3.3396645449101925e-09,55,True,True,True
Harvey,Lung_biomass_maintenance,Lung_biomass_maintenance,organ_biomass,cuopt,Optimal,5.5791078423794715e-09,31600,True,True,True
Harvey,Lung_biomass_maintenance,Lung_biomass_maintenance,organ_biomass,gurobi,Optimal,3.3396645449101925e-09,55,True,True,True
Harvey,Muscle_biomass_maintenance,Muscle_biomass_maintenance,organ_biomass,cuopt,Optimal,5.5791078423794715e-09,31600,True,True,True
Harvey,Muscle_biomass_maintenance,Muscle_biomass_maintenance,organ_biomass,gurobi,Optimal,3.3396645449101925e-09,55,True,True,True
Harvey,Pancreas_biomass_maintenance,Pancreas_biomass_maintenance,organ_biomass,cuopt,Optimal,5.5791078423794715e-09,31600,True,True,True
Harvey,Pancreas_biomass_maintenance,Pancreas_biomass_maintenance,organ_biomass,gurobi,Optimal,3.3396645449101925e-09,55,True,True,True
Harvey,Retina_biomass_maintenance,Retina_biomass_maintenance,organ_biomass,cuopt,Optimal,5.5791078423794715e-09,31600,True,True,True
Harvey,Retina_biomass_maintenance,Retina_biomass_maintenance,organ_biomass,gurobi,Optimal,3.3396645449101925e-09,55,True,True,True
Harvey,Scord_biomass_maintenance,Scord_biomass_maintenance,organ_biomass,cuopt,Optimal,5.5791078423794715e-09,31600,True,True,True
Harvey,Scord_biomass_maintenance,Scord_biomass_maintenance,organ_biomass,gurobi,Optimal,3.3396645449101925e-09,55,True,True,True
Harvey,Skin_biomass_maintenance,Skin_biomass_maintenance,organ_biomass,cuopt,Optimal,5.5791078423794715e-09,31600,True,True,True
Harvey,Skin_biomass_maintenance,Skin_biomass_maintenance,organ_biomass,gurobi,Optimal,3.3396645449101925e-09,55,True,True,True
Harvey,Spleen_biomass_maintenance,Spleen_biomass_maintenance,organ_biomass,cuopt,Optimal,5.5791078423794715e-09,31600,True,True,True
Harvey,Spleen_biomass_maintenance,Spleen_biomass_maintenance,organ_biomass,gurobi,Optimal,3.3396645449101925e-09,55,True,True,True
Harvey,Stomach_biomass_maintenance,Stomach_biomass_maintenance,organ_biomass,cuopt,Optimal,5.5791078423794715e-09,31600,True,True,True
Harvey,Stomach_biomass_maintenance,Stomach_biomass_maintenance,organ_biomass,gurobi,Optimal,3.3396645449101925e-09,55,True,True,True
Harvey,Thyroidgland_biomass_maintenance,Thyroidgland_biomass_maintenance,organ_biomass,cuopt,Optimal,5.5791078423794715e-09,31600,True,True,True
Harvey,Thyroidgland_biomass_maintenance,Thyroidgland_biomass_maintenance,organ_biomass,gurobi,Optimal,3.3396645449101925e-09,55,True,True,True
Harvey,Urinarybladder_biomass_maintenance,Urinarybladder_biomass_maintenance,organ_biomass,cuopt,Optimal,5.5791078423794715e-09,31600,True,True,True
Harvey,Urinarybladder_biomass_maintenance,Urinarybladder_biomass_maintenance,organ_biomass,gurobi,Optimal,3.3396645449101925e-09,55,True,True,True
Harvey,Bcells_biomass_maintenance,Bcells_biomass_maintenance,immune_cell_biomass,cuopt,Optimal,5.5791078423794715e-09,31600,True,True,True
Harvey,Bcells_biomass_maintenance,Bcells_biomass_maintenance,immune_cell_biomass,gurobi,Optimal,3.3396645449101925e-09,55,True,True,True
Harvey,CD4Tcells_biomass_maintenance,CD4Tcells_biomass_maintenance,immune_cell_biomass,cuopt,Optimal,5.5791078423794715e-09,31600,True,True,True
Harvey,CD4Tcells_biomass_maintenance,CD4Tcells_biomass_maintenance,immune_cell_biomass,gurobi,Optimal,3.3396645449101925e-09,55,True,True,True
Harvey,Monocyte_biomass_maintenance,Monocyte_biomass_maintenance,immune_cell_biomass,cuopt,Optimal,5.5791078423794715e-09,31600,True,True,True
Harvey,Monocyte_biomass_maintenance,Monocyte_biomass_maintenance,immune_cell_biomass,gurobi,Optimal,3.3396645449101925e-09,55,True,True,True
Harvey,Nkcells_biomass_maintenance,Nkcells_biomass_maintenance,immune_cell_biomass,cuopt,Optimal,5.5791078423794715e-09,31600,True,True,True
Harvey,Nkcells_biomass_maintenance,Nkcells_biomass_maintenance,immune_cell_biomass,gurobi,Optimal,3.3396645449101925e-09,55,True,True,True
Harvey,Platelet_biomass_maintenance_noTrTr,Platelet_biomass_maintenance_noTrTr,immune_cell_biomass,cuopt,Optimal,5.5791078423794715e-09,31600,True,True,True
Harvey,Platelet_biomass_maintenance_noTrTr,Platelet_biomass_maintenance_noTrTr,immune_cell_biomass,gurobi,Optimal,3.3396645449101925e-09,55,True,True,True
Harvey,RBC_biomass_maintenance_noTrTr,RBC_biomass_maintenance_noTrTr,immune_cell_biomass,cuopt,Optimal,5.5791078423794715e-09,31600,True,True,True
Harvey,RBC_biomass_maintenance_noTrTr,RBC_biomass_maintenance_noTrTr,immune_cell_biomass,gurobi,Optimal,3.3396645449101925e-09,55,True,True,True
Harvey,Testis_biomass_maintenance,Testis_biomass_maintenance,organ_biomass,cuopt,Optimal,5.5791078423794715e-09,31600,True,True,True
Harvey,Testis_biomass_maintenance,Testis_biomass_maintenance,organ_biomass,gurobi,Optimal,3.3396645449101925e-09,55,True,True,True
S84,Whole_body_objective_rxn,Whole_body_objective_rxn,whole_body,cuopt,Optimal,4.7207380759468074e-05,57000,True,True,True
S84,Whole_body_objective_rxn,Whole_body_objective_rxn,whole_body,gurobi,Optimal,9.104737948701074e-07,94,True,True,True
S84,Adipocytes_biomass_maintenance,Adipocytes_biomass_maintenance,organ_biomass,cuopt,Optimal,4.7207380759468074e-05,57000,True,True,True
S84,Adipocytes_biomass_maintenance,Adipocytes_biomass_maintenance,organ_biomass,gurobi,Optimal,9.104737948698677e-07,94,True,True,True
S84,Agland_biomass_maintenance,Agland_biomass_maintenance,organ_biomass,cuopt,Optimal,4.7207380759468074e-05,57000,True,True,True
S84,Agland_biomass_maintenance,Agland_biomass_maintenance,organ_biomass,gurobi,Optimal,9.104737948701074e-07,94,True,True,True
S84,Bcells_biomass_maintenance,Bcells_biomass_maintenance,immune_cell_biomass,cuopt,Optimal,4.7207380759468074e-05,57000,True,True,True
S84,Bcells_biomass_maintenance,Bcells_biomass_maintenance,immune_cell_biomass,gurobi,Optimal,9.104737948701074e-07,94,True,True,True
S84,Brain_biomass_maintenance,Brain_biomass_maintenance,organ_biomass,cuopt,Optimal,4.7207380759468074e-05,57000,True,True,True
S84,Brain_biomass_maintenance,Brain_biomass_maintenance,organ_biomass,gurobi,Optimal,9.104737948701074e-07,94,True,True,True
S84,CD4Tcells_biomass_maintenance,CD4Tcells_biomass_maintenance,immune_cell_biomass,cuopt,Optimal,4.7207380759468074e-05,57000,True,True,True
S84,CD4Tcells_biomass_maintenance,CD4Tcells_biomass_maintenance,immune_cell_biomass,gurobi,Optimal,9.104737948701074e-07,94,True,True,True
S84,Colon_biomass_maintenance,Colon_biomass_maintenance,organ_biomass,cuopt,Optimal,4.7207380759468074e-05,57000,True,True,True
S84,Colon_biomass_maintenance,Colon_biomass_maintenance,organ_biomass,gurobi,Optimal,9.104737948701074e-07,94,True,True,True
S84,Gall_biomass_maintenance,Gall_biomass_maintenance,organ_biomass,cuopt,Optimal,4.7207380759468074e-05,57000,True,True,True
S84,Gall_biomass_maintenance,Gall_biomass_maintenance,organ_biomass,gurobi,Optimal,9.104737948701074e-07,94,True,True,True
S84,Heart_biomass_maintenance,Heart_biomass_maintenance,organ_biomass,cuopt,Optimal,4.7207380759468074e-05,57000,True,True,True
S84,Heart_biomass_maintenance,Heart_biomass_maintenance,organ_biomass,gurobi,Optimal,9.104737948701074e-07,94,True,True,True
S84,Kidney_biomass_maintenance,Kidney_biomass_maintenance,organ_biomass,cuopt,Optimal,4.7207380759468074e-05,57000,True,True,True
S84,Kidney_biomass_maintenance,Kidney_biomass_maintenance,organ_biomass,gurobi,Optimal,9.104737948701074e-07,94,True,True,True
S84,Liver_biomass_maintenance,Liver_biomass_maintenance,organ_biomass,cuopt,Optimal,4.7207380759468074e-05,57000,True,True,True
S84,Liver_biomass_maintenance,Liver_biomass_maintenance,organ_biomass,gurobi,Optimal,9.104737948701074e-07,94,True,True,True
S84,Lung_biomass_maintenance,Lung_biomass_maintenance,organ_biomass,cuopt,Optimal,4.7207380759468074e-05,57000,True,True,True
S84,Lung_biomass_maintenance,Lung_biomass_maintenance,organ_biomass,gurobi,Optimal,9.104737948701074e-07,94,True,True,True
S84,Monocyte_biomass_maintenance,Monocyte_biomass_maintenance,immune_cell_biomass,cuopt,Optimal,4.7207380759468074e-05,57000,True,True,True
S84,Monocyte_biomass_maintenance,Monocyte_biomass_maintenance,immune_cell_biomass,gurobi,Optimal,9.104737948701074e-07,94,True,True,True
S84,Muscle_biomass_maintenance,Muscle_biomass_maintenance,organ_biomass,cuopt,Optimal,4.7207380759468074e-05,57000,True,True,True
S84,Muscle_biomass_maintenance,Muscle_biomass_maintenance,organ_biomass,gurobi,Optimal,9.104737948698677e-07,94,True,True,True
S84,Nkcells_biomass_maintenance,Nkcells_biomass_maintenance,immune_cell_biomass,cuopt,Optimal,4.7207380759468074e-05,57000,True,True,True
S84,Nkcells_biomass_maintenance,Nkcells_biomass_maintenance,immune_cell_biomass,gurobi,Optimal,9.104737948701074e-07,94,True,True,True
S84,Pancreas_biomass_maintenance,Pancreas_biomass_maintenance,organ_biomass,cuopt,Optimal,4.7207380759468074e-05,57000,True,True,True
S84,Pancreas_biomass_maintenance,Pancreas_biomass_maintenance,organ_biomass,gurobi,Optimal,9.104737948701074e-07,94,True,True,True
S84,Platelet_biomass_maintenance_noTrTr,Platelet_biomass_maintenance_noTrTr,immune_cell_biomass,cuopt,Optimal,4.7207380759468074e-05,57000,True,True,True
S84,Platelet_biomass_maintenance_noTrTr,Platelet_biomass_maintenance_noTrTr,immune_cell_biomass,gurobi,Optimal,9.104737948701074e-07,94,True,True,True
S84,Prostate_biomass_maintenance,Prostate_biomass_maintenance,organ_biomass,cuopt,Optimal,4.7207380759468074e-05,57000,True,True,True
S84,Prostate_biomass_maintenance,Prostate_biomass_maintenance,organ_biomass,gurobi,Optimal,9.104737948701074e-07,94,True,True,True
S84,Pthyroidgland_biomass_maintenance,Pthyroidgland_biomass_maintenance,organ_biomass,cuopt,Optimal,4.7207380759468074e-05,57000,True,True,True
S84,Pthyroidgland_biomass_maintenance,Pthyroidgland_biomass_maintenance,organ_biomass,gurobi,Optimal,9.104737948701074e-07,94,True,True,True
S84,RBC_biomass_maintenance_noTrTr,RBC_biomass_maintenance_noTrTr,immune_cell_biomass,cuopt,Optimal,4.7207380759468074e-05,57000,True,True,True
S84,RBC_biomass_maintenance_noTrTr,RBC_biomass_maintenance_noTrTr,immune_cell_biomass,gurobi,Optimal,9.104737948701074e-07,94,True,True,True
S84,Retina_biomass_maintenance,Retina_biomass_maintenance,organ_biomass,cuopt,Optimal,4.7207380759468074e-05,57000,True,True,True
S84,Retina_biomass_maintenance,Retina_biomass_maintenance,organ_biomass,gurobi,Optimal,9.104737948701074e-07,94,True,True,True
S84,Scord_biomass_maintenance,Scord_biomass_maintenance,organ_biomass,cuopt,Optimal,4.7207380759468074e-05,57000,True,True,True
S84,Scord_biomass_maintenance,Scord_biomass_maintenance,organ_biomass,gurobi,Optimal,9.104737948701074e-07,94,True,True,True
S84,Skin_biomass_maintenance,Skin_biomass_maintenance,organ_biomass,cuopt,Optimal,4.7207380759468074e-05,57000,True,True,True
S84,Skin_biomass_maintenance,Skin_biomass_maintenance,organ_biomass,gurobi,Optimal,9.104737948701074e-07,94,True,True,True
S84,Spleen_biomass_maintenance,Spleen_biomass_maintenance,organ_biomass,cuopt,Optimal,4.7207380759468074e-05,57000,True,True,True
S84,Spleen_biomass_maintenance,Spleen_biomass_maintenance,organ_biomass,gurobi,Optimal,9.104737948701074e-07,94,True,True,True
S84,Stomach_biomass_maintenance,Stomach_biomass_maintenance,organ_biomass,cuopt,Optimal,4.7207380759468074e-05,57000,True,True,True
S84,Stomach_biomass_maintenance,Stomach_biomass_maintenance,organ_biomass,gurobi,Optimal,9.104737948701074e-07,94,True,True,True
S84,Testis_biomass_maintenance,Testis_biomass_maintenance,organ_biomass,cuopt,Optimal,4.7207380759468074e-05,57000,True,True,True
S84,Testis_biomass_maintenance,Testis_biomass_maintenance,organ_biomass,gurobi,Optimal,9.104737948701074e-07,94,True,True,True
S84,Thyroidgland_biomass_maintenance,Thyroidgland_biomass_maintenance,organ_biomass,cuopt,Optimal,4.7207380759468074e-05,57000,True,True,True
S84,Thyroidgland_biomass_maintenance,Thyroidgland_biomass_maintenance,organ_biomass,gurobi,Optimal,9.104737948701074e-07,94,True,True,True
S84,Urinarybladder_biomass_maintenance,Urinarybladder_biomass_maintenance,organ_biomass,cuopt,Optimal,4.7207380759468074e-05,57000,True,True,True
S84,Urinarybladder_biomass_maintenance,Urinarybladder_biomass_maintenance,organ_biomass,gurobi,Optimal,9.104737948701074e-07,94,True,True,True
S84,panBacteroides_thetaiotaomicron_biomassPan,panBacteroides_thetaiotaomicron_biomassPan,microbiome_taxon,cuopt,Optimal,4.7207380759468074e-05,57000,True,True,True
S84,panBacteroides_thetaiotaomicron_biomassPan,panBacteroides_thetaiotaomicron_biomassPan,microbiome_taxon,gurobi,Optimal,9.104737948701074e-07,94,True,True,True
S84,panFaecalibacterium_prausnitzii_biomassPan,panFaecalibacterium_prausnitzii_biomassPan,microbiome_taxon,cuopt,Optimal,4.7207380759468074e-05,57000,True,True,True
S84,panFaecalibacterium_prausnitzii_biomassPan,panFaecalibacterium_prausnitzii_biomassPan,microbiome_taxon,gurobi,Optimal,9.104737948701074e-07,94,True,True,True
S84,panEscherichia_coli_biomassPan,panEscherichia_coli_biomassPan,microbiome_taxon,cuopt,Optimal,4.7207380759468074e-05,57000,True,True,True
S84,panEscherichia_coli_biomassPan,panEscherichia_coli_biomassPan,microbiome_taxon,gurobi,Optimal,9.104737948701074e-07,94,True,True,True
S84,panAkkermansia_muciniphila_biomassPan,panAkkermansia_muciniphila_biomassPan,microbiome_taxon,cuopt,Optimal,4.7207380759468074e-05,57000,True,True,True
S84,panAkkermansia_muciniphila_biomassPan,panAkkermansia_muciniphila_biomassPan,microbiome_taxon,gurobi,Optimal,9.104737948701074e-07,94,True,True,True
S84,panBifidobacterium_longum_biomassPan,panBifidobacterium_longum_biomassPan,microbiome_taxon,cuopt,Optimal,4.7207380759468074e-05,57000,True,True,True
S84,panBifidobacterium_longum_biomassPan,panBifidobacterium_longum_biomassPan,microbiome_taxon,gurobi,Optimal,9.104737948701074e-07,94,True,True,True
S84,panRoseburia_intestinalis_biomassPan,panRoseburia_intestinalis_biomassPan,microbiome_taxon,cuopt,Optimal,4.7207380759468074e-05,57000,True,True,True
S84,panRoseburia_intestinalis_biomassPan,panRoseburia_intestinalis_biomassPan,microbiome_taxon,gurobi,Optimal,9.104737948701074e-07,94,True,True,True
S84,panEnterococcus_faecalis_biomassPan,panEnterococcus_faecalis_biomassPan,microbiome_taxon,cuopt,Optimal,4.7207380759468074e-05,57000,True,True,True
S84,panEnterococcus_faecalis_biomassPan,panEnterococcus_faecalis_biomassPan,microbiome_taxon,gurobi,Optimal,9.104737948701074e-07,94,True,True,True
S84,panParabacteroides_distasonis_biomassPan,panParabacteroides_distasonis_biomassPan,microbiome_taxon,cuopt,Optimal,4.7207380759468074e-05,57000,True,True,True
S84,panParabacteroides_distasonis_biomassPan,panParabacteroides_distasonis_biomassPan,microbiome_taxon,gurobi,Optimal,9.104737948701074e-07,94,True,True,True
S84,panAlistipes_finegoldii_biomassPan,panAlistipes_finegoldii_biomassPan,microbiome_taxon,cuopt,Optimal,4.7207380759468074e-05,57000,True,True,True
S84,panAlistipes_finegoldii_biomassPan,panAlistipes_finegoldii_biomassPan,microbiome_taxon,gurobi,Optimal,9.104737948701074e-07,94,True,True,True
S84,panBlautia_obeum_biomassPan,panBlautia_obeum_biomassPan,microbiome_taxon,cuopt,Optimal,4.7207380759468074e-05,57000,True,True,True
S84,panBlautia_obeum_biomassPan,panBlautia_obeum_biomassPan,microbiome_taxon,gurobi,Optimal,9.104737948701074e-07,94,True,True,True
S84,panFusobacterium_nucleatum_biomassPan,panFusobacterium_nucleatum_biomassPan,microbiome_taxon,cuopt,Optimal,4.7207380759468074e-05,57000,True,True,True
S84,panFusobacterium_nucleatum_biomassPan,panFusobacterium_nucleatum_biomassPan,microbiome_taxon,gurobi,Optimal,9.104737948701074e-07,94,True,True,True
S84,panKlebsiella_pneumoniae_biomassPan,panKlebsiella_pneumoniae_biomassPan,microbiome_taxon,cuopt,Optimal,4.7207380759468074e-05,57000,True,True,True
S84,panKlebsiella_pneumoniae_biomassPan,panKlebsiella_pneumoniae_biomassPan,microbiome_taxon,gurobi,Optimal,9.104737948701074e-07,94,True,True,True
S84,panMethanobrevibacter_smithii_biomassPan,panMethanobrevibacter_smithii_biomassPan,microbiome_taxon,cuopt,Optimal,4.7207380759468074e-05,57000,True,True,True
S84,panMethanobrevibacter_smithii_biomassPan,panMethanobrevibacter_smithii_biomassPan,microbiome_taxon,gurobi,Optimal,9.104737948701074e-07,94,True,True,True
S84,panDesulfovibrio_piger_biomassPan,panDesulfovibrio_piger_biomassPan,microbiome_taxon,cuopt,Optimal,4.7207380759468074e-05,57000,True,True,True
S84,panDesulfovibrio_piger_biomassPan,panDesulfovibrio_piger_biomassPan,microbiome_taxon,gurobi,Optimal,9.104737948701074e-07,94,True,True,True
S84,panStreptococcus_salivarius_biomassPan,panStreptococcus_salivarius_biomassPan,microbiome_taxon,cuopt,Optimal,4.7207380759468074e-05,57000,True,True,True
S84,panStreptococcus_salivarius_biomassPan,panStreptococcus_salivarius_biomassPan,microbiome_taxon,gurobi,Optimal,9.104737948701074e-07,94,True,True,True
S84,panVeillonella_parvula_biomassPan,panVeillonella_parvula_biomassPan,microbiome_taxon,cuopt,Optimal,4.7207380759468074e-05,57000,True,True,True
S84,panVeillonella_parvula_biomassPan,panVeillonella_parvula_biomassPan,microbiome_taxon,gurobi,Optimal,9.104737948701074e-07,94,True,True,True
S84,panClostridioides_difficile_biomassPan,panClostridioides_difficile_biomassPan,microbiome_taxon,cuopt,Optimal,4.7207380759468074e-05,57000,True,True,True
S84,panClostridioides_difficile_biomassPan,panClostridioides_difficile_biomassPan,microbiome_taxon,gurobi,Optimal,9.104737948701074e-07,94,True,True,True
S84,panClostridium_perfringens_biomassPan,panClostridium_perfringens_biomassPan,microbiome_taxon,cuopt,Optimal,4.7207380759468074e-05,57000,True,True,True
S84,panClostridium_perfringens_biomassPan,panClostridium_perfringens_biomassPan,microbiome_taxon,gurobi,Optimal,9.104737948701074e-07,94,True,True,True
S84,panCoprococcus_comes_biomassPan,panCoprococcus_comes_biomassPan,microbiome_taxon,cuopt,Optimal,4.7207380759468074e-05,57000,True,True,True
S84,panCoprococcus_comes_biomassPan,panCoprococcus_comes_biomassPan,microbiome_taxon,gurobi,Optimal,9.104737948701074e-07,94,True,True,True
S84,panDorea_formicigenerans_biomassPan,panDorea_formicigenerans_biomassPan,microbiome_taxon,cuopt,Optimal,4.7207380759468074e-05,57000,True,True,True
S84,panDorea_formicigenerans_biomassPan,panDorea_formicigenerans_biomassPan,microbiome_taxon,gurobi,Optimal,9.104737948701074e-07,94,True,True,True
S84,panCollinsella_aerofaciens_biomassPan,panCollinsella_aerofaciens_biomassPan,microbiome_taxon,cuopt,Optimal,4.7207380759468074e-05,57000,True,True,True
S84,panCollinsella_aerofaciens_biomassPan,panCollinsella_aerofaciens_biomassPan,microbiome_taxon,gurobi,Optimal,9.104737948701074e-07,94,True,True,True
S84,panSubdoligranulum_variabile_biomassPan,panSubdoligranulum_variabile_biomassPan,microbiome_taxon,cuopt,Optimal,4.7207380759468074e-05,57000,True,True,True
S84,panSubdoligranulum_variabile_biomassPan,panSubdoligranulum_variabile_biomassPan,microbiome_taxon,gurobi,Optimal,9.104737948701074e-07,94,True,True,True
S85,Whole_body_objective_rxn,Whole_body_objective_rxn,whole_body,cuopt,Optimal,8.868415896295202e-05,984000,True,True,True
S85,Whole_body_objective_rxn,Whole_body_objective_rxn,whole_body,gurobi,Optimal,9.8540391428e-07,91,True,True,True
S85,Adipocytes_biomass_maintenance,Adipocytes_biomass_maintenance,organ_biomass,cuopt,Optimal,8.868415896295202e-05,984000,True,True,True
S85,Adipocytes_biomass_maintenance,Adipocytes_biomass_maintenance,organ_biomass,gurobi,Optimal,1.4072487388716581e-05,91,True,True,True
S85,Agland_biomass_maintenance,Agland_biomass_maintenance,organ_biomass,cuopt,Optimal,8.868415896295202e-05,984000,True,True,True
S85,Agland_biomass_maintenance,Agland_biomass_maintenance,organ_biomass,gurobi,Optimal,9.8540391428e-07,91,True,True,True
S85,Bcells_biomass_maintenance,Bcells_biomass_maintenance,immune_cell_biomass,cuopt,Optimal,8.868415896295202e-05,984000,True,True,True
S85,Bcells_biomass_maintenance,Bcells_biomass_maintenance,immune_cell_biomass,gurobi,Optimal,9.8540391428e-07,91,True,True,True
S85,Brain_biomass_maintenance,Brain_biomass_maintenance,organ_biomass,cuopt,Optimal,8.868415896295202e-05,984000,True,True,True
S85,Brain_biomass_maintenance,Brain_biomass_maintenance,organ_biomass,gurobi,Optimal,9.8540391428e-07,91,True,True,True
S85,CD4Tcells_biomass_maintenance,CD4Tcells_biomass_maintenance,immune_cell_biomass,cuopt,Optimal,8.868415896295202e-05,984000,True,True,True
S85,CD4Tcells_biomass_maintenance,CD4Tcells_biomass_maintenance,immune_cell_biomass,gurobi,Optimal,9.8540391428e-07,91,True,True,True
S85,Colon_biomass_maintenance,Colon_biomass_maintenance,organ_biomass,cuopt,Optimal,8.868415896295202e-05,984000,True,True,True
S85,Colon_biomass_maintenance,Colon_biomass_maintenance,organ_biomass,gurobi,Optimal,9.8540391428e-07,91,True,True,True
S85,Gall_biomass_maintenance,Gall_biomass_maintenance,organ_biomass,cuopt,Optimal,8.868415896295202e-05,984000,True,True,True
S85,Gall_biomass_maintenance,Gall_biomass_maintenance,organ_biomass,gurobi,Optimal,9.8540391428e-07,91,True,True,True
S85,Heart_biomass_maintenance,Heart_biomass_maintenance,organ_biomass,cuopt,Optimal,8.868415896295202e-05,984000,True,True,True
S85,Heart_biomass_maintenance,Heart_biomass_maintenance,organ_biomass,gurobi,Optimal,9.8540391428e-07,91,True,True,True
S85,Kidney_biomass_maintenance,Kidney_biomass_maintenance,organ_biomass,cuopt,Optimal,8.868415896295202e-05,984000,True,True,True
S85,Kidney_biomass_maintenance,Kidney_biomass_maintenance,organ_biomass,gurobi,Optimal,9.8540391428e-07,91,True,True,True
S85,Liver_biomass_maintenance,Liver_biomass_maintenance,organ_biomass,cuopt,Optimal,8.868415896295202e-05,984000,True,True,True
S85,Liver_biomass_maintenance,Liver_biomass_maintenance,organ_biomass,gurobi,Optimal,9.8540391428e-07,91,True,True,True
S85,Lung_biomass_maintenance,Lung_biomass_maintenance,organ_biomass,cuopt,Optimal,8.868415896295202e-05,984000,True,True,True
S85,Lung_biomass_maintenance,Lung_biomass_maintenance,organ_biomass,gurobi,Optimal,9.8540391428e-07,91,True,True,True
S85,Monocyte_biomass_maintenance,Monocyte_biomass_maintenance,immune_cell_biomass,cuopt,Optimal,8.868415896295202e-05,984000,True,True,True
S85,Monocyte_biomass_maintenance,Monocyte_biomass_maintenance,immune_cell_biomass,gurobi,Optimal,9.8540391428e-07,91,True,True,True
S85,Muscle_biomass_maintenance,Muscle_biomass_maintenance,organ_biomass,cuopt,Optimal,8.868415896295202e-05,984000,True,True,True
S85,Muscle_biomass_maintenance,Muscle_biomass_maintenance,organ_biomass,gurobi,Optimal,1.4072487388716581e-05,91,True,True,True
S85,Nkcells_biomass_maintenance,Nkcells_biomass_maintenance,immune_cell_biomass,cuopt,Optimal,8.868415896295202e-05,984000,True,True,True
S85,Nkcells_biomass_maintenance,Nkcells_biomass_maintenance,immune_cell_biomass,gurobi,Optimal,9.8540391428e-07,91,True,True,True
S85,Pancreas_biomass_maintenance,Pancreas_biomass_maintenance,organ_biomass,cuopt,Optimal,8.868415896295202e-05,984000,True,True,True
S85,Pancreas_biomass_maintenance,Pancreas_biomass_maintenance,organ_biomass,gurobi,Optimal,9.8540391428e-07,91,True,True,True
S85,Platelet_biomass_maintenance_noTrTr,Platelet_biomass_maintenance_noTrTr,immune_cell_biomass,cuopt,Optimal,8.868415896295202e-05,984000,True,True,True
S85,Platelet_biomass_maintenance_noTrTr,Platelet_biomass_maintenance_noTrTr,immune_cell_biomass,gurobi,Optimal,9.8540391428e-07,91,True,True,True
S85,Prostate_biomass_maintenance,Prostate_biomass_maintenance,organ_biomass,cuopt,Optimal,8.868415896295202e-05,984000,True,True,True
S85,Prostate_biomass_maintenance,Prostate_biomass_maintenance,organ_biomass,gurobi,Optimal,9.8540391428e-07,91,True,True,True
S85,Pthyroidgland_biomass_maintenance,Pthyroidgland_biomass_maintenance,organ_biomass,cuopt,Optimal,8.868415896295202e-05,984000,True,True,True
S85,Pthyroidgland_biomass_maintenance,Pthyroidgland_biomass_maintenance,organ_biomass,gurobi,Optimal,9.8540391428e-07,91,True,True,True
S85,RBC_biomass_maintenance_noTrTr,RBC_biomass_maintenance_noTrTr,immune_cell_biomass,cuopt,Optimal,8.868415896295202e-05,984000,True,True,True
S85,RBC_biomass_maintenance_noTrTr,RBC_biomass_maintenance_noTrTr,immune_cell_biomass,gurobi,Optimal,9.8540391428e-07,91,True,True,True
S85,Retina_biomass_maintenance,Retina_biomass_maintenance,organ_biomass,cuopt,Optimal,8.868415896295202e-05,984000,True,True,True
S85,Retina_biomass_maintenance,Retina_biomass_maintenance,organ_biomass,gurobi,Optimal,9.8540391428e-07,91,True,True,True
S85,Scord_biomass_maintenance,Scord_biomass_maintenance,organ_biomass,cuopt,Optimal,8.868415896295202e-05,984000,True,True,True
S85,Scord_biomass_maintenance,Scord_biomass_maintenance,organ_biomass,gurobi,Optimal,9.8540391428e-07,91,True,True,True
S85,Skin_biomass_maintenance,Skin_biomass_maintenance,organ_biomass,cuopt,Optimal,8.868415896295202e-05,984000,True,True,True
S85,Skin_biomass_maintenance,Skin_biomass_maintenance,organ_biomass,gurobi,Optimal,9.8540391428e-07,91,True,True,True
S85,Spleen_biomass_maintenance,Spleen_biomass_maintenance,organ_biomass,cuopt,Optimal,8.868415896295202e-05,984000,True,True,True
S85,Spleen_biomass_maintenance,Spleen_biomass_maintenance,organ_biomass,gurobi,Optimal,9.8540391428e-07,91,True,True,True
S85,Stomach_biomass_maintenance,Stomach_biomass_maintenance,organ_biomass,cuopt,Optimal,8.868415896295202e-05,984000,True,True,True
S85,Stomach_biomass_maintenance,Stomach_biomass_maintenance,organ_biomass,gurobi,Optimal,9.8540391428e-07,91,True,True,True
S85,Testis_biomass_maintenance,Testis_biomass_maintenance,organ_biomass,cuopt,Optimal,8.868415896295202e-05,984000,True,True,True
S85,Testis_biomass_maintenance,Testis_biomass_maintenance,organ_biomass,gurobi,Optimal,9.8540391428e-07,91,True,True,True
S85,Thyroidgland_biomass_maintenance,Thyroidgland_biomass_maintenance,organ_biomass,cuopt,Optimal,8.868415896295202e-05,984000,True,True,True
S85,Thyroidgland_biomass_maintenance,Thyroidgland_biomass_maintenance,organ_biomass,gurobi,Optimal,9.8540391428e-07,91,True,True,True
S85,Urinarybladder_biomass_maintenance,Urinarybladder_biomass_maintenance,organ_biomass,cuopt,Optimal,8.868415896295202e-05,984000,True,True,True
S85,Urinarybladder_biomass_maintenance,Urinarybladder_biomass_maintenance,organ_biomass,gurobi,Optimal,9.8540391428e-07,91,True,True,True
S85,panBacteroides_thetaiotaomicron_biomassPan,panBacteroides_thetaiotaomicron_biomassPan,microbiome_taxon,cuopt,Optimal,8.868415896295202e-05,984000,True,True,True
S85,panBacteroides_thetaiotaomicron_biomassPan,panBacteroides_thetaiotaomicron_biomassPan,microbiome_taxon,gurobi,Optimal,9.8540391428e-07,91,True,True,True
S85,panFaecalibacterium_prausnitzii_biomassPan,panFaecalibacterium_prausnitzii_biomassPan,microbiome_taxon,cuopt,Optimal,8.868415896295202e-05,984000,True,True,True
S85,panFaecalibacterium_prausnitzii_biomassPan,panFaecalibacterium_prausnitzii_biomassPan,microbiome_taxon,gurobi,Optimal,9.8540391428e-07,91,True,True,True
S85,panEscherichia_coli_biomassPan,panEscherichia_coli_biomassPan,microbiome_taxon,cuopt,Optimal,8.868415896295202e-05,984000,True,True,True
S85,panEscherichia_coli_biomassPan,panEscherichia_coli_biomassPan,microbiome_taxon,gurobi,Optimal,9.8540391428e-07,91,True,True,True
S85,panAkkermansia_muciniphila_biomassPan,panAkkermansia_muciniphila_biomassPan,microbiome_taxon,cuopt,Optimal,8.868415896295202e-05,984000,True,True,True
S85,panAkkermansia_muciniphila_biomassPan,panAkkermansia_muciniphila_biomassPan,microbiome_taxon,gurobi,Optimal,9.8540391428e-07,91,True,True,True
S85,panBifidobacterium_longum_biomassPan,panBifidobacterium_longum_biomassPan,microbiome_taxon,cuopt,Optimal,8.868415896295202e-05,984000,True,True,True
S85,panBifidobacterium_longum_biomassPan,panBifidobacterium_longum_biomassPan,microbiome_taxon,gurobi,Optimal,9.8540391428e-07,91,True,True,True
S85,panRoseburia_intestinalis_biomassPan,panRoseburia_intestinalis_biomassPan,microbiome_taxon,cuopt,Optimal,9.887534807344025e-05,959200,True,True,True
S85,panRoseburia_intestinalis_biomassPan,panRoseburia_intestinalis_biomassPan,microbiome_taxon,gurobi,Optimal,9.8540391428e-07,91,True,True,True
S85,panEnterococcus_faecalis_biomassPan,panEnterococcus_faecalis_biomassPan,microbiome_taxon,cuopt,Optimal,8.868415896295202e-05,984000,True,True,True
S85,panEnterococcus_faecalis_biomassPan,panEnterococcus_faecalis_biomassPan,microbiome_taxon,gurobi,Optimal,9.8540391428e-07,91,True,True,True
S85,panParabacteroides_distasonis_biomassPan,panParabacteroides_distasonis_biomassPan,microbiome_taxon,cuopt,Optimal,8.868415896295202e-05,984000,True,True,True
S85,panParabacteroides_distasonis_biomassPan,panParabacteroides_distasonis_biomassPan,microbiome_taxon,gurobi,Optimal,9.8540391428e-07,91,True,True,True
S85,panAlistipes_finegoldii_biomassPan,panAlistipes_finegoldii_biomassPan,microbiome_taxon,cuopt,Optimal,9.94902944989799e-06,815400,True,True,True
S85,panAlistipes_finegoldii_biomassPan,panAlistipes_finegoldii_biomassPan,microbiome_taxon,gurobi,Optimal,9.8540391428e-07,91,True,True,True
S85,panBlautia_obeum_biomassPan,panBlautia_obeum_biomassPan,microbiome_taxon,cuopt,Optimal,8.868415896295202e-05,984000,True,True,True
S85,panBlautia_obeum_biomassPan,panBlautia_obeum_biomassPan,microbiome_taxon,gurobi,Optimal,9.8540391428e-07,91,True,True,True
S85,panFusobacterium_nucleatum_biomassPan,panFusobacterium_nucleatum_biomassPan,microbiome_taxon,cuopt,Optimal,9.949046604859382e-06,815400,True,True,True
S85,panFusobacterium_nucleatum_biomassPan,panFusobacterium_nucleatum_biomassPan,microbiome_taxon,gurobi,Optimal,9.8540391428e-07,91,True,True,True
S85,panKlebsiella_pneumoniae_biomassPan,panKlebsiella_pneumoniae_biomassPan,microbiome_taxon,cuopt,Optimal,8.868415896295202e-05,984000,True,True,True
S85,panKlebsiella_pneumoniae_biomassPan,panKlebsiella_pneumoniae_biomassPan,microbiome_taxon,gurobi,Optimal,9.8540391428e-07,91,True,True,True
S85,panMethanobrevibacter_smithii_biomassPan,panMethanobrevibacter_smithii_biomassPan,microbiome_taxon,cuopt,Optimal,8.868415896295202e-05,984000,True,True,True
S85,panMethanobrevibacter_smithii_biomassPan,panMethanobrevibacter_smithii_biomassPan,microbiome_taxon,gurobi,Optimal,9.8540391428e-07,91,True,True,True
S85,panDesulfovibrio_piger_biomassPan,panDesulfovibrio_piger_biomassPan,microbiome_taxon,cuopt,Optimal,8.868415896295202e-05,984000,True,True,True
S85,panDesulfovibrio_piger_biomassPan,panDesulfovibrio_piger_biomassPan,microbiome_taxon,gurobi,Optimal,9.8540391428e-07,91,True,True,True
S85,panStreptococcus_salivarius_biomassPan,panStreptococcus_salivarius_biomassPan,microbiome_taxon,cuopt,Optimal,8.868415896295202e-05,984000,True,True,True
S85,panStreptococcus_salivarius_biomassPan,panStreptococcus_salivarius_biomassPan,microbiome_taxon,gurobi,Optimal,9.8540391428e-07,91,True,True,True
S85,panVeillonella_parvula_biomassPan,panVeillonella_parvula_biomassPan,microbiome_taxon,cuopt,Optimal,8.868415896295202e-05,984000,True,True,True
S85,panVeillonella_parvula_biomassPan,panVeillonella_parvula_biomassPan,microbiome_taxon,gurobi,Optimal,9.8540391428e-07,91,True,True,True
S85,panClostridioides_difficile_biomassPan,panClostridioides_difficile_biomassPan,microbiome_taxon,cuopt,Optimal,8.868415896295202e-05,984000,True,True,True
S85,panClostridioides_difficile_biomassPan,panClostridioides_difficile_biomassPan,microbiome_taxon,gurobi,Optimal,9.8540391428e-07,91,True,True,True
S85,panClostridium_perfringens_biomassPan,panClostridium_perfringens_biomassPan,microbiome_taxon,cuopt,Optimal,8.868415896295202e-05,984000,True,True,True
S85,panClostridium_perfringens_biomassPan,panClostridium_perfringens_biomassPan,microbiome_taxon,gurobi,Optimal,9.8540391428e-07,91,True,True,True
S85,panCoprococcus_comes_biomassPan,panCoprococcus_comes_biomassPan,microbiome_taxon,cuopt,Optimal,8.868415896295202e-05,984000,True,True,True
S85,panCoprococcus_comes_biomassPan,panCoprococcus_comes_biomassPan,microbiome_taxon,gurobi,Optimal,9.8540391428e-07,91,True,True,True
S85,panDorea_formicigenerans_biomassPan,panDorea_formicigenerans_biomassPan,microbiome_taxon,cuopt,Optimal,8.868415896295202e-05,984000,True,True,True
S85,panDorea_formicigenerans_biomassPan,panDorea_formicigenerans_biomassPan,microbiome_taxon,gurobi,Optimal,9.8540391428e-07,91,True,True,True
S85,panCollinsella_aerofaciens_biomassPan,panCollinsella_aerofaciens_biomassPan,microbiome_taxon,cuopt,Optimal,8.868415896295202e-05,984000,True,True,True
S85,panCollinsella_aerofaciens_biomassPan,panCollinsella_aerofaciens_biomassPan,microbiome_taxon,gurobi,Optimal,9.8540391428e-07,91,True,True,True
S85,panSubdoligranulum_variabile_biomassPan,panSubdoligranulum_variabile_biomassPan,microbiome_taxon,cuopt,Optimal,8.868415896295202e-05,984000,True,True,True
S85,panSubdoligranulum_variabile_biomassPan,panSubdoligranulum_variabile_biomassPan,microbiome_taxon,gurobi,Optimal,9.8540391428e-07,91,True,True,True
S9,Whole_body_objective_rxn,Whole_body_objective_rxn,whole_body,cuopt,Optimal,5.564041222375516e-05,928600,True,True,True
S9,Whole_body_objective_rxn,Whole_body_objective_rxn,whole_body,gurobi,Optimal,9.602922006607395e-07,85,True,True,True
S9,Adipocytes_biomass_maintenance,Adipocytes_biomass_maintenance,organ_biomass,cuopt,Optimal,5.564041222375516e-05,928600,True,True,True
S9,Adipocytes_biomass_maintenance,Adipocytes_biomass_maintenance,organ_biomass,gurobi,Optimal,9.602922006607395e-07,85,True,True,True
S9,Agland_biomass_maintenance,Agland_biomass_maintenance,organ_biomass,cuopt,Optimal,5.564041222375516e-05,928600,True,True,True
S9,Agland_biomass_maintenance,Agland_biomass_maintenance,organ_biomass,gurobi,Optimal,9.602922006607395e-07,85,True,True,True
S9,Bcells_biomass_maintenance,Bcells_biomass_maintenance,immune_cell_biomass,cuopt,Optimal,5.564041222375516e-05,928600,True,True,True
S9,Bcells_biomass_maintenance,Bcells_biomass_maintenance,immune_cell_biomass,gurobi,Optimal,9.602922006607395e-07,85,True,True,True
S9,Brain_biomass_maintenance,Brain_biomass_maintenance,organ_biomass,cuopt,Optimal,5.564041222375516e-05,928600,True,True,True
S9,Brain_biomass_maintenance,Brain_biomass_maintenance,organ_biomass,gurobi,Optimal,9.602922006607395e-07,85,True,True,True
S9,CD4Tcells_biomass_maintenance,CD4Tcells_biomass_maintenance,immune_cell_biomass,cuopt,Optimal,5.564041222375516e-05,928600,True,True,True
S9,CD4Tcells_biomass_maintenance,CD4Tcells_biomass_maintenance,immune_cell_biomass,gurobi,Optimal,9.602922006607395e-07,85,True,True,True
S9,Colon_biomass_maintenance,Colon_biomass_maintenance,organ_biomass,cuopt,Optimal,5.564041222375516e-05,928600,True,True,True
S9,Colon_biomass_maintenance,Colon_biomass_maintenance,organ_biomass,gurobi,Optimal,9.602922006607395e-07,85,True,True,True
S9,Gall_biomass_maintenance,Gall_biomass_maintenance,organ_biomass,cuopt,Optimal,5.564041222375516e-05,928600,True,True,True
S9,Gall_biomass_maintenance,Gall_biomass_maintenance,organ_biomass,gurobi,Optimal,9.602922006607395e-07,85,True,True,True
S9,Heart_biomass_maintenance,Heart_biomass_maintenance,organ_biomass,cuopt,Optimal,5.564041222375516e-05,928600,True,True,True
S9,Heart_biomass_maintenance,Heart_biomass_maintenance,organ_biomass,gurobi,Optimal,9.602922006607395e-07,85,True,True,True
S9,Kidney_biomass_maintenance,Kidney_biomass_maintenance,organ_biomass,cuopt,Optimal,5.564041222375516e-05,928600,True,True,True
S9,Kidney_biomass_maintenance,Kidney_biomass_maintenance,organ_biomass,gurobi,Optimal,9.602922006607395e-07,85,True,True,True
S9,Liver_biomass_maintenance,Liver_biomass_maintenance,organ_biomass,cuopt,Optimal,5.564041222375516e-05,928600,True,True,True
S9,Liver_biomass_maintenance,Liver_biomass_maintenance,organ_biomass,gurobi,Optimal,9.602922006607395e-07,85,True,True,True
S9,Lung_biomass_maintenance,Lung_biomass_maintenance,organ_biomass,cuopt,Optimal,5.564041222375516e-05,928600,True,True,True
S9,Lung_biomass_maintenance,Lung_biomass_maintenance,organ_biomass,gurobi,Optimal,9.602922006607395e-07,85,True,True,True
S9,Monocyte_biomass_maintenance,Monocyte_biomass_maintenance,immune_cell_biomass,cuopt,Optimal,5.564041222375516e-05,928600,True,True,True
S9,Monocyte_biomass_maintenance,Monocyte_biomass_maintenance,immune_cell_biomass,gurobi,Optimal,9.602922006607395e-07,85,True,True,True
S9,Muscle_biomass_maintenance,Muscle_biomass_maintenance,organ_biomass,cuopt,Optimal,5.564041222375516e-05,928600,True,True,True
S9,Muscle_biomass_maintenance,Muscle_biomass_maintenance,organ_biomass,gurobi,Optimal,9.602922006607395e-07,85,True,True,True
S9,Nkcells_biomass_maintenance,Nkcells_biomass_maintenance,immune_cell_biomass,cuopt,Optimal,5.564041222375516e-05,928600,True,True,True
S9,Nkcells_biomass_maintenance,Nkcells_biomass_maintenance,immune_cell_biomass,gurobi,Optimal,9.602922006607395e-07,85,True,True,True
S9,Pancreas_biomass_maintenance,Pancreas_biomass_maintenance,organ_biomass,cuopt,Optimal,5.564041222375516e-05,928600,True,True,True
S9,Pancreas_biomass_maintenance,Pancreas_biomass_maintenance,organ_biomass,gurobi,Optimal,9.602922006607395e-07,85,True,True,True
S9,Platelet_biomass_maintenance_noTrTr,Platelet_biomass_maintenance_noTrTr,immune_cell_biomass,cuopt,Optimal,5.564041222375516e-05,928600,True,True,True
S9,Platelet_biomass_maintenance_noTrTr,Platelet_biomass_maintenance_noTrTr,immune_cell_biomass,gurobi,Optimal,9.602922006607395e-07,85,True,True,True
S9,Prostate_biomass_maintenance,Prostate_biomass_maintenance,organ_biomass,cuopt,Optimal,5.564041222375516e-05,928600,True,True,True
S9,Prostate_biomass_maintenance,Prostate_biomass_maintenance,organ_biomass,gurobi,Optimal,9.602922006607395e-07,85,True,True,True
S9,Pthyroidgland_biomass_maintenance,Pthyroidgland_biomass_maintenance,organ_biomass,cuopt,Optimal,5.564041222375516e-05,928600,True,True,True
S9,Pthyroidgland_biomass_maintenance,Pthyroidgland_biomass_maintenance,organ_biomass,gurobi,Optimal,9.602922006607395e-07,85,True,True,True
S9,RBC_biomass_maintenance_noTrTr,RBC_biomass_maintenance_noTrTr,immune_cell_biomass,cuopt,Optimal,5.564041222375516e-05,928600,True,True,True
S9,RBC_biomass_maintenance_noTrTr,RBC_biomass_maintenance_noTrTr,immune_cell_biomass,gurobi,Optimal,9.602922006607395e-07,85,True,True,True
S9,Retina_biomass_maintenance,Retina_biomass_maintenance,organ_biomass,cuopt,Optimal,5.564041222375516e-05,928600,True,True,True
S9,Retina_biomass_maintenance,Retina_biomass_maintenance,organ_biomass,gurobi,Optimal,9.602922006607395e-07,85,True,True,True
S9,Scord_biomass_maintenance,Scord_biomass_maintenance,organ_biomass,cuopt,Optimal,5.564041222375516e-05,928600,True,True,True
S9,Scord_biomass_maintenance,Scord_biomass_maintenance,organ_biomass,gurobi,Optimal,9.602922006607395e-07,85,True,True,True
S9,Skin_biomass_maintenance,Skin_biomass_maintenance,organ_biomass,cuopt,Optimal,5.564041222375516e-05,928600,True,True,True
S9,Skin_biomass_maintenance,Skin_biomass_maintenance,organ_biomass,gurobi,Optimal,9.602922006607395e-07,85,True,True,True
S9,Spleen_biomass_maintenance,Spleen_biomass_maintenance,organ_biomass,cuopt,Optimal,5.564041222375516e-05,928600,True,True,True
S9,Spleen_biomass_maintenance,Spleen_biomass_maintenance,organ_biomass,gurobi,Optimal,9.602922006607395e-07,85,True,True,True
S9,Stomach_biomass_maintenance,Stomach_biomass_maintenance,organ_biomass,cuopt,Optimal,5.564041222375516e-05,928600,True,True,True
S9,Stomach_biomass_maintenance,Stomach_biomass_maintenance,organ_biomass,gurobi,Optimal,9.602922006607395e-07,85,True,True,True
S9,Testis_biomass_maintenance,Testis_biomass_maintenance,organ_biomass,cuopt,Optimal,5.564041222375516e-05,928600,True,True,True
S9,Testis_biomass_maintenance,Testis_biomass_maintenance,organ_biomass,gurobi,Optimal,9.602922006607395e-07,85,True,True,True
S9,Thyroidgland_biomass_maintenance,Thyroidgland_biomass_maintenance,organ_biomass,cuopt,Optimal,5.564041222375516e-05,928600,True,True,True
S9,Thyroidgland_biomass_maintenance,Thyroidgland_biomass_maintenance,organ_biomass,gurobi,Optimal,9.602922006607395e-07,85,True,True,True
S9,Urinarybladder_biomass_maintenance,Urinarybladder_biomass_maintenance,organ_biomass,cuopt,Optimal,5.564041222375516e-05,928600,True,True,True
S9,Urinarybladder_biomass_maintenance,Urinarybladder_biomass_maintenance,organ_biomass,gurobi,Optimal,9.602922006607395e-07,85,True,True,True
S9,panBacteroides_thetaiotaomicron_biomassPan,panBacteroides_thetaiotaomicron_biomassPan,microbiome_taxon,cuopt,Optimal,5.564041222375516e-05,928600,True,True,True
S9,panBacteroides_thetaiotaomicron_biomassPan,panBacteroides_thetaiotaomicron_biomassPan,microbiome_taxon,gurobi,Optimal,9.602922006607395e-07,85,True,True,True
S9,panFaecalibacterium_prausnitzii_biomassPan,panFaecalibacterium_prausnitzii_biomassPan,microbiome_taxon,cuopt,Optimal,5.564041222375516e-05,928600,True,True,True
S9,panFaecalibacterium_prausnitzii_biomassPan,panFaecalibacterium_prausnitzii_biomassPan,microbiome_taxon,gurobi,Optimal,9.602922006607395e-07,85,True,True,True
S9,panEscherichia_coli_biomassPan,panEscherichia_coli_biomassPan,microbiome_taxon,cuopt,Optimal,5.564041222375516e-05,928600,True,True,True
S9,panEscherichia_coli_biomassPan,panEscherichia_coli_biomassPan,microbiome_taxon,gurobi,Optimal,9.602922006607395e-07,85,True,True,True
S9,panAkkermansia_muciniphila_biomassPan,panAkkermansia_muciniphila_biomassPan,microbiome_taxon,cuopt,Optimal,5.564041222375516e-05,928600,True,True,True
S9,panAkkermansia_muciniphila_biomassPan,panAkkermansia_muciniphila_biomassPan,microbiome_taxon,gurobi,Optimal,9.602922006607395e-07,85,True,True,True
S9,panBifidobacterium_longum_biomassPan,panBifidobacterium_longum_biomassPan,microbiome_taxon,cuopt,Optimal,5.564041222375516e-05,928600,True,True,True
S9,panBifidobacterium_longum_biomassPan,panBifidobacterium_longum_biomassPan,microbiome_taxon,gurobi,Optimal,9.602922006607395e-07,85,True,True,True
S9,panRoseburia_intestinalis_biomassPan,panRoseburia_intestinalis_biomassPan,microbiome_taxon,cuopt,Optimal,5.564041222375516e-05,928600,True,True,True
S9,panRoseburia_intestinalis_biomassPan,panRoseburia_intestinalis_biomassPan,microbiome_taxon,gurobi,Optimal,9.602922006607395e-07,85,True,True,True
S9,panEnterococcus_faecalis_biomassPan,panEnterococcus_faecalis_biomassPan,microbiome_taxon,cuopt,Optimal,5.564041222375516e-05,928600,True,True,True
S9,panEnterococcus_faecalis_biomassPan,panEnterococcus_faecalis_biomassPan,microbiome_taxon,gurobi,Optimal,9.602922006607395e-07,85,True,True,True
S9,panParabacteroides_distasonis_biomassPan,panParabacteroides_distasonis_biomassPan,microbiome_taxon,cuopt,Optimal,5.564041222375516e-05,928600,True,True,True
S9,panParabacteroides_distasonis_biomassPan,panParabacteroides_distasonis_biomassPan,microbiome_taxon,gurobi,Optimal,9.602922006607395e-07,85,True,True,True
S9,panAlistipes_finegoldii_biomassPan,panAlistipes_finegoldii_biomassPan,microbiome_taxon,cuopt,Optimal,5.564041222375516e-05,928600,True,True,True
S9,panAlistipes_finegoldii_biomassPan,panAlistipes_finegoldii_biomassPan,microbiome_taxon,gurobi,Optimal,9.602922006607395e-07,85,True,True,True
S9,panBlautia_obeum_biomassPan,panBlautia_obeum_biomassPan,microbiome_taxon,cuopt,Optimal,5.564041222375516e-05,928600,True,True,True
S9,panBlautia_obeum_biomassPan,panBlautia_obeum_biomassPan,microbiome_taxon,gurobi,Optimal,9.602922006607395e-07,85,True,True,True
S9,panFusobacterium_nucleatum_biomassPan,panFusobacterium_nucleatum_biomassPan,microbiome_taxon,cuopt,Optimal,5.564041222375516e-05,928600,True,True,True
S9,panFusobacterium_nucleatum_biomassPan,panFusobacterium_nucleatum_biomassPan,microbiome_taxon,gurobi,Optimal,9.602922006607395e-07,85,True,True,True
S9,panKlebsiella_pneumoniae_biomassPan,panKlebsiella_pneumoniae_biomassPan,microbiome_taxon,cuopt,Optimal,5.564041222375516e-05,928600,True,True,True
S9,panKlebsiella_pneumoniae_biomassPan,panKlebsiella_pneumoniae_biomassPan,microbiome_taxon,gurobi,Optimal,9.602922006607395e-07,85,True,True,True
S9,panMethanobrevibacter_smithii_biomassPan,panMethanobrevibacter_smithii_biomassPan,microbiome_taxon,cuopt,Optimal,5.564041222375516e-05,928600,True,True,True
S9,panMethanobrevibacter_smithii_biomassPan,panMethanobrevibacter_smithii_biomassPan,microbiome_taxon,gurobi,Optimal,9.602922006607395e-07,85,True,True,True
S9,panDesulfovibrio_piger_biomassPan,panDesulfovibrio_piger_biomassPan,microbiome_taxon,cuopt,Optimal,5.564041222375516e-05,928600,True,True,True
S9,panDesulfovibrio_piger_biomassPan,panDesulfovibrio_piger_biomassPan,microbiome_taxon,gurobi,Optimal,9.602922006607395e-07,85,True,True,True
S9,panStreptococcus_salivarius_biomassPan,panStreptococcus_salivarius_biomassPan,microbiome_taxon,cuopt,Optimal,5.564041222375516e-05,928600,True,True,True
S9,panStreptococcus_salivarius_biomassPan,panStreptococcus_salivarius_biomassPan,microbiome_taxon,gurobi,Optimal,9.602922006607395e-07,85,True,True,True
S9,panVeillonella_parvula_biomassPan,panVeillonella_parvula_biomassPan,microbiome_taxon,cuopt,Optimal,5.564041222375516e-05,928600,True,True,True
S9,panVeillonella_parvula_biomassPan,panVeillonella_parvula_biomassPan,microbiome_taxon,gurobi,Optimal,9.602922006607395e-07,85,True,True,True
S9,panClostridioides_difficile_biomassPan,panClostridioides_difficile_biomassPan,microbiome_taxon,cuopt,Optimal,5.564041222375516e-05,928600,True,True,True
S9,panClostridioides_difficile_biomassPan,panClostridioides_difficile_biomassPan,microbiome_taxon,gurobi,Optimal,9.602922006607395e-07,85,True,True,True
S9,panClostridium_perfringens_biomassPan,panClostridium_perfringens_biomassPan,microbiome_taxon,cuopt,Optimal,5.564041222375516e-05,928600,True,True,True
S9,panClostridium_perfringens_biomassPan,panClostridium_perfringens_biomassPan,microbiome_taxon,gurobi,Optimal,9.602922006607395e-07,85,True,True,True
S9,panCoprococcus_comes_biomassPan,panCoprococcus_comes_biomassPan,microbiome_taxon,cuopt,Optimal,5.564041222375516e-05,928600,True,True,True
S9,panCoprococcus_comes_biomassPan,panCoprococcus_comes_biomassPan,microbiome_taxon,gurobi,Optimal,9.602922006607395e-07,85,True,True,True
S9,panDorea_formicigenerans_biomassPan,panDorea_formicigenerans_biomassPan,microbiome_taxon,cuopt,Optimal,5.564041222375516e-05,928600,True,True,True
S9,panDorea_formicigenerans_biomassPan,panDorea_formicigenerans_biomassPan,microbiome_taxon,gurobi,Optimal,9.602922006607395e-07,85,True,True,True
S9,panCollinsella_aerofaciens_biomassPan,panCollinsella_aerofaciens_biomassPan,microbiome_taxon,cuopt,Optimal,5.564041222375516e-05,928600,True,True,True
S9,panCollinsella_aerofaciens_biomassPan,panCollinsella_aerofaciens_biomassPan,microbiome_taxon,gurobi,Optimal,9.602922006607395e-07,85,True,True,True
S9,panSubdoligranulum_variabile_biomassPan,panSubdoligranulum_variabile_biomassPan,microbiome_taxon,cuopt,Optimal,5.564041222375516e-05,928600,True,True,True
S9,panSubdoligranulum_variabile_biomassPan,panSubdoligranulum_variabile_biomassPan,microbiome_taxon,gurobi,Optimal,9.602922006607395e-07,85,True,True,True
S15,Whole_body_objective_rxn,Whole_body_objective_rxn,whole_body,cuopt,Optimal,9.937060648768504e-05,493800,True,True,True
S15,Whole_body_objective_rxn,Whole_body_objective_rxn,whole_body,gurobi,Optimal,9.611478597999998e-07,95,True,True,True
S15,Adipocytes_biomass_maintenance,Adipocytes_biomass_maintenance,organ_biomass,cuopt,Optimal,9.937060648768504e-05,493800,True,True,True
S15,Adipocytes_biomass_maintenance,Adipocytes_biomass_maintenance,organ_biomass,gurobi,Optimal,9.824910162903489e-07,95,True,True,True
S15,Agland_biomass_maintenance,Agland_biomass_maintenance,organ_biomass,cuopt,Optimal,9.937060648768504e-05,493800,True,True,True
S15,Agland_biomass_maintenance,Agland_biomass_maintenance,organ_biomass,gurobi,Optimal,9.611478597999998e-07,95,True,True,True
S15,Bcells_biomass_maintenance,Bcells_biomass_maintenance,immune_cell_biomass,cuopt,Optimal,9.937060648768504e-05,493800,True,True,True
S15,Bcells_biomass_maintenance,Bcells_biomass_maintenance,immune_cell_biomass,gurobi,Optimal,9.611478597999998e-07,95,True,True,True
S15,Brain_biomass_maintenance,Brain_biomass_maintenance,organ_biomass,cuopt,Optimal,9.937060648768504e-05,493800,True,True,True
S15,Brain_biomass_maintenance,Brain_biomass_maintenance,organ_biomass,gurobi,Optimal,9.611478597999998e-07,95,True,True,True
S15,CD4Tcells_biomass_maintenance,CD4Tcells_biomass_maintenance,immune_cell_biomass,cuopt,Optimal,9.937060648768504e-05,493800,True,True,True
S15,CD4Tcells_biomass_maintenance,CD4Tcells_biomass_maintenance,immune_cell_biomass,gurobi,Optimal,9.611478597999998e-07,95,True,True,True
S15,Colon_biomass_maintenance,Colon_biomass_maintenance,organ_biomass,cuopt,Optimal,9.937060648768504e-05,493800,True,True,True
S15,Colon_biomass_maintenance,Colon_biomass_maintenance,organ_biomass,gurobi,Optimal,9.611478597999998e-07,95,True,True,True
S15,Gall_biomass_maintenance,Gall_biomass_maintenance,organ_biomass,cuopt,Optimal,9.937060648768504e-05,493800,True,True,True
S15,Gall_biomass_maintenance,Gall_biomass_maintenance,organ_biomass,gurobi,Optimal,9.611478597999998e-07,95,True,True,True
S15,Heart_biomass_maintenance,Heart_biomass_maintenance,organ_biomass,cuopt,Optimal,9.937060648768504e-05,493800,True,True,True
S15,Heart_biomass_maintenance,Heart_biomass_maintenance,organ_biomass,gurobi,Optimal,9.611478597999998e-07,95,True,True,True
S15,Kidney_biomass_maintenance,Kidney_biomass_maintenance,organ_biomass,cuopt,Optimal,9.937060648768504e-05,493800,True,True,True
S15,Kidney_biomass_maintenance,Kidney_biomass_maintenance,organ_biomass,gurobi,Optimal,9.611478597999998e-07,95,True,True,True
S15,Liver_biomass_maintenance,Liver_biomass_maintenance,organ_biomass,cuopt,Optimal,9.937060648768504e-05,493800,True,True,True
S15,Liver_biomass_maintenance,Liver_biomass_maintenance,organ_biomass,gurobi,Optimal,9.611478597999998e-07,95,True,True,True
S15,Lung_biomass_maintenance,Lung_biomass_maintenance,organ_biomass,cuopt,Optimal,9.937060648768504e-05,493800,False,True,False
S15,Lung_biomass_maintenance,Lung_biomass_maintenance,organ_biomass,gurobi,Optimal,9.611478597999998e-07,95,True,True,False
S15,Monocyte_biomass_maintenance,Monocyte_biomass_maintenance,immune_cell_biomass,cuopt,Optimal,9.937060648768504e-05,493800,True,True,True
S15,Monocyte_biomass_maintenance,Monocyte_biomass_maintenance,immune_cell_biomass,gurobi,Optimal,9.611478597999998e-07,95,True,True,True
S15,Muscle_biomass_maintenance,Muscle_biomass_maintenance,organ_biomass,cuopt,Optimal,9.937060648768504e-05,493800,True,True,True
S15,Muscle_biomass_maintenance,Muscle_biomass_maintenance,organ_biomass,gurobi,Optimal,9.824910162903489e-07,95,True,True,True
S15,Nkcells_biomass_maintenance,Nkcells_biomass_maintenance,immune_cell_biomass,cuopt,Optimal,9.937060648768504e-05,493800,True,True,True
S15,Nkcells_biomass_maintenance,Nkcells_biomass_maintenance,immune_cell_biomass,gurobi,Optimal,9.611478597999998e-07,95,True,True,True
S15,Pancreas_biomass_maintenance,Pancreas_biomass_maintenance,organ_biomass,cuopt,Optimal,9.937060648768504e-05,493800,True,True,True
S15,Pancreas_biomass_maintenance,Pancreas_biomass_maintenance,organ_biomass,gurobi,Optimal,9.611478597999998e-07,95,True,True,True
S15,Platelet_biomass_maintenance_noTrTr,Platelet_biomass_maintenance_noTrTr,immune_cell_biomass,cuopt,Optimal,9.937060648768504e-05,493800,True,True,True
S15,Platelet_biomass_maintenance_noTrTr,Platelet_biomass_maintenance_noTrTr,immune_cell_biomass,gurobi,Optimal,9.611478597999998e-07,95,True,True,True
S15,Prostate_biomass_maintenance,Prostate_biomass_maintenance,organ_biomass,cuopt,Optimal,9.937060648768504e-05,493800,True,True,True
S15,Prostate_biomass_maintenance,Prostate_biomass_maintenance,organ_biomass,gurobi,Optimal,9.611478597999998e-07,95,True,True,True
S15,Pthyroidgland_biomass_maintenance,Pthyroidgland_biomass_maintenance,organ_biomass,cuopt,Optimal,9.937060648768504e-05,493800,True,True,True
S15,Pthyroidgland_biomass_maintenance,Pthyroidgland_biomass_maintenance,organ_biomass,gurobi,Optimal,9.611478597999998e-07,95,True,True,True
S15,RBC_biomass_maintenance_noTrTr,RBC_biomass_maintenance_noTrTr,immune_cell_biomass,cuopt,Optimal,9.937060648768504e-05,493800,True,True,True
S15,RBC_biomass_maintenance_noTrTr,RBC_biomass_maintenance_noTrTr,immune_cell_biomass,gurobi,Optimal,9.611478597999998e-07,95,True,True,True
S15,Retina_biomass_maintenance,Retina_biomass_maintenance,organ_biomass,cuopt,Optimal,9.937060648768504e-05,493800,True,True,True
S15,Retina_biomass_maintenance,Retina_biomass_maintenance,organ_biomass,gurobi,Optimal,9.611478597999998e-07,95,True,True,True
S15,Scord_biomass_maintenance,Scord_biomass_maintenance,organ_biomass,cuopt,Optimal,9.937060648768504e-05,493800,True,True,True
S15,Scord_biomass_maintenance,Scord_biomass_maintenance,organ_biomass,gurobi,Optimal,9.611478597999998e-07,95,True,True,True
S15,Skin_biomass_maintenance,Skin_biomass_maintenance,organ_biomass,cuopt,Optimal,9.937060648768504e-05,493800,True,True,True
S15,Skin_biomass_maintenance,Skin_biomass_maintenance,organ_biomass,gurobi,Optimal,9.824910162903489e-07,95,True,True,True
S15,Spleen_biomass_maintenance,Spleen_biomass_maintenance,organ_biomass,cuopt,Optimal,9.937060648768504e-05,493800,True,True,True
S15,Spleen_biomass_maintenance,Spleen_biomass_maintenance,organ_biomass,gurobi,Optimal,9.611478597999998e-07,95,True,True,True
S15,Stomach_biomass_maintenance,Stomach_biomass_maintenance,organ_biomass,cuopt,Optimal,9.937060648768504e-05,493800,True,True,True
S15,Stomach_biomass_maintenance,Stomach_biomass_maintenance,organ_biomass,gurobi,Optimal,9.611478597999998e-07,95,True,True,True
S15,Testis_biomass_maintenance,Testis_biomass_maintenance,organ_biomass,cuopt,Optimal,9.937060648768504e-05,493800,True,True,True
S15,Testis_biomass_maintenance,Testis_biomass_maintenance,organ_biomass,gurobi,Optimal,9.611478597999998e-07,95,True,True,True
S15,Thyroidgland_biomass_maintenance,Thyroidgland_biomass_maintenance,organ_biomass,cuopt,Optimal,9.937060648768504e-05,493800,True,True,True
S15,Thyroidgland_biomass_maintenance,Thyroidgland_biomass_maintenance,organ_biomass,gurobi,Optimal,9.611478597999998e-07,95,True,True,True
S15,Urinarybladder_biomass_maintenance,Urinarybladder_biomass_maintenance,organ_biomass,cuopt,Optimal,9.937060648768504e-05,493800,True,True,True
S15,Urinarybladder_biomass_maintenance,Urinarybladder_biomass_maintenance,organ_biomass,gurobi,Optimal,9.611478597999998e-07,95,True,True,True
S15,panBacteroides_thetaiotaomicron_biomassPan,panBacteroides_thetaiotaomicron_biomassPan,microbiome_taxon,cuopt,Optimal,9.937060648768504e-05,493800,True,True,True
S15,panBacteroides_thetaiotaomicron_biomassPan,panBacteroides_thetaiotaomicron_biomassPan,microbiome_taxon,gurobi,Optimal,9.611478597999998e-07,95,True,True,True
S15,panFaecalibacterium_prausnitzii_biomassPan,panFaecalibacterium_prausnitzii_biomassPan,microbiome_taxon,cuopt,Optimal,9.937060648768504e-05,493800,True,True,True
S15,panFaecalibacterium_prausnitzii_biomassPan,panFaecalibacterium_prausnitzii_biomassPan,microbiome_taxon,gurobi,Optimal,9.611478597999998e-07,95,True,True,True
S15,panEscherichia_coli_biomassPan,panEscherichia_coli_biomassPan,microbiome_taxon,cuopt,Optimal,9.937060648768504e-05,493800,True,True,True
S15,panEscherichia_coli_biomassPan,panEscherichia_coli_biomassPan,microbiome_taxon,gurobi,Optimal,9.611478597999998e-07,95,True,True,True
S15,panAkkermansia_muciniphila_biomassPan,panAkkermansia_muciniphila_biomassPan,microbiome_taxon,cuopt,Optimal,9.937060648768504e-05,493800,True,True,True
S15,panAkkermansia_muciniphila_biomassPan,panAkkermansia_muciniphila_biomassPan,microbiome_taxon,gurobi,Optimal,9.611478597999998e-07,95,True,True,True
S15,panBifidobacterium_longum_biomassPan,panBifidobacterium_longum_biomassPan,microbiome_taxon,cuopt,Optimal,9.937060648768504e-05,493800,True,True,True
S15,panBifidobacterium_longum_biomassPan,panBifidobacterium_longum_biomassPan,microbiome_taxon,gurobi,Optimal,9.611478597999998e-07,95,True,True,True
S15,panRoseburia_intestinalis_biomassPan,panRoseburia_intestinalis_biomassPan,microbiome_taxon,cuopt,Optimal,9.937060648768504e-05,493800,True,True,True
S15,panRoseburia_intestinalis_biomassPan,panRoseburia_intestinalis_biomassPan,microbiome_taxon,gurobi,Optimal,9.611478597999998e-07,95,True,True,True
S15,panEnterococcus_faecalis_biomassPan,panEnterococcus_faecalis_biomassPan,microbiome_taxon,cuopt,Optimal,9.937060648768504e-05,493800,True,True,True
S15,panEnterococcus_faecalis_biomassPan,panEnterococcus_faecalis_biomassPan,microbiome_taxon,gurobi,Optimal,9.611478597999998e-07,95,True,True,True
S15,panParabacteroides_distasonis_biomassPan,panParabacteroides_distasonis_biomassPan,microbiome_taxon,cuopt,Optimal,9.937060648768504e-05,493800,True,True,True
S15,panParabacteroides_distasonis_biomassPan,panParabacteroides_distasonis_biomassPan,microbiome_taxon,gurobi,Optimal,9.611478597999998e-07,95,True,True,True
S15,panAlistipes_finegoldii_biomassPan,panAlistipes_finegoldii_biomassPan,microbiome_taxon,cuopt,Optimal,9.937060648768504e-05,493800,True,True,True
S15,panAlistipes_finegoldii_biomassPan,panAlistipes_finegoldii_biomassPan,microbiome_taxon,gurobi,Optimal,9.611478597999998e-07,95,True,True,True
S15,panBlautia_obeum_biomassPan,panBlautia_obeum_biomassPan,microbiome_taxon,cuopt,Optimal,9.937060648768504e-05,493800,True,True,True
S15,panBlautia_obeum_biomassPan,panBlautia_obeum_biomassPan,microbiome_taxon,gurobi,Optimal,9.611478597999998e-07,95,True,True,True
S15,panFusobacterium_nucleatum_biomassPan,panFusobacterium_nucleatum_biomassPan,microbiome_taxon,cuopt,Optimal,9.937060727576125e-05,493800,True,True,True
S15,panFusobacterium_nucleatum_biomassPan,panFusobacterium_nucleatum_biomassPan,microbiome_taxon,gurobi,Optimal,9.611478597999998e-07,95,True,True,True
S15,panKlebsiella_pneumoniae_biomassPan,panKlebsiella_pneumoniae_biomassPan,microbiome_taxon,cuopt,Optimal,9.937060648768504e-05,493800,True,True,True
S15,panKlebsiella_pneumoniae_biomassPan,panKlebsiella_pneumoniae_biomassPan,microbiome_taxon,gurobi,Optimal,9.611478597999998e-07,95,True,True,True
S15,panMethanobrevibacter_smithii_biomassPan,panMethanobrevibacter_smithii_biomassPan,microbiome_taxon,cuopt,Optimal,9.937060648768504e-05,493800,True,True,True
S15,panMethanobrevibacter_smithii_biomassPan,panMethanobrevibacter_smithii_biomassPan,microbiome_taxon,gurobi,Optimal,9.611478597999998e-07,95,True,True,True
S15,panDesulfovibrio_piger_biomassPan,panDesulfovibrio_piger_biomassPan,microbiome_taxon,cuopt,Optimal,9.937060648768504e-05,493800,True,True,True
S15,panDesulfovibrio_piger_biomassPan,panDesulfovibrio_piger_biomassPan,microbiome_taxon,gurobi,Optimal,9.611478597999998e-07,95,True,True,True
S15,panStreptococcus_salivarius_biomassPan,panStreptococcus_salivarius_biomassPan,microbiome_taxon,cuopt,Optimal,9.937060648768504e-05,493800,True,True,True
S15,panStreptococcus_salivarius_biomassPan,panStreptococcus_salivarius_biomassPan,microbiome_taxon,gurobi,Optimal,9.611478597999998e-07,95,True,True,True
S15,panVeillonella_parvula_biomassPan,panVeillonella_parvula_biomassPan,microbiome_taxon,cuopt,Optimal,9.937060648768504e-05,493800,True,True,True
S15,panVeillonella_parvula_biomassPan,panVeillonella_parvula_biomassPan,microbiome_taxon,gurobi,Optimal,9.611478597999998e-07,95,True,True,True
S15,panClostridioides_difficile_biomassPan,panClostridioides_difficile_biomassPan,microbiome_taxon,cuopt,Optimal,9.937060648768504e-05,493800,True,True,True
S15,panClostridioides_difficile_biomassPan,panClostridioides_difficile_biomassPan,microbiome_taxon,gurobi,Optimal,9.611478597999998e-07,95,True,True,True
S15,panClostridium_perfringens_biomassPan,panClostridium_perfringens_biomassPan,microbiome_taxon,cuopt,Optimal,9.937060648768504e-05,493800,True,True,True
S15,panClostridium_perfringens_biomassPan,panClostridium_perfringens_biomassPan,microbiome_taxon,gurobi,Optimal,9.611478597999998e-07,95,True,True,True
S15,panCoprococcus_comes_biomassPan,panCoprococcus_comes_biomassPan,microbiome_taxon,cuopt,Optimal,9.937060648768504e-05,493800,True,True,True
S15,panCoprococcus_comes_biomassPan,panCoprococcus_comes_biomassPan,microbiome_taxon,gurobi,Optimal,9.611478597999998e-07,95,True,True,True
S15,panDorea_formicigenerans_biomassPan,panDorea_formicigenerans_biomassPan,microbiome_taxon,cuopt,Optimal,9.937060648768504e-05,493800,True,True,True
S15,panDorea_formicigenerans_biomassPan,panDorea_formicigenerans_biomassPan,microbiome_taxon,gurobi,Optimal,9.611478597999998e-07,95,True,True,True
S15,panCollinsella_aerofaciens_biomassPan,panCollinsella_aerofaciens_biomassPan,microbiome_taxon,cuopt,Optimal,9.937060648768504e-05,493800,True,True,True
S15,panCollinsella_aerofaciens_biomassPan,panCollinsella_aerofaciens_biomassPan,microbiome_taxon,gurobi,Optimal,9.611478597999998e-07,95,True,True,True
S15,panSubdoligranulum_variabile_biomassPan,panSubdoligranulum_variabile_biomassPan,microbiome_taxon,cuopt,Optimal,9.937060648768504e-05,493800,True,True,True
S15,panSubdoligranulum_variabile_biomassPan,panSubdoligranulum_variabile_biomassPan,microbiome_taxon,gurobi,Optimal,9.611478597999998e-07,95,True,True,True
S23,Whole_body_objective_rxn,Whole_body_objective_rxn,whole_body,cuopt,Optimal,1.7357110871511587e-05,1291200,True,True,True
S23,Whole_body_objective_rxn,Whole_body_objective_rxn,whole_body,gurobi,Optimal,9.761321824626468e-07,98,True,True,True
S23,Adipocytes_biomass_maintenance,Adipocytes_biomass_maintenance,organ_biomass,cuopt,Optimal,8.834831798770662e-05,1272000,True,True,True
S23,Adipocytes_biomass_maintenance,Adipocytes_biomass_maintenance,organ_biomass,gurobi,Optimal,9.761321824626468e-07,98,True,True,True
S23,Agland_biomass_maintenance,Agland_biomass_maintenance,organ_biomass,cuopt,Optimal,1.4481876705912076e-05,1295000,True,True,True
S23,Agland_biomass_maintenance,Agland_biomass_maintenance,organ_biomass,gurobi,Optimal,9.761321824626468e-07,98,True,True,True
S23,Bcells_biomass_maintenance,Bcells_biomass_maintenance,immune_cell_biomass,cuopt,Optimal,1.4250234664846088e-05,1295200,True,True,True
S23,Bcells_biomass_maintenance,Bcells_biomass_maintenance,immune_cell_biomass,gurobi,Optimal,9.761321824626468e-07,98,True,True,True
S23,Brain_biomass_maintenance,Brain_biomass_maintenance,organ_biomass,cuopt,Optimal,1.7140565870744917e-05,1288200,True,True,True
S23,Brain_biomass_maintenance,Brain_biomass_maintenance,organ_biomass,gurobi,Optimal,9.761321824626468e-07,98,True,True,True
S23,CD4Tcells_biomass_maintenance,CD4Tcells_biomass_maintenance,immune_cell_biomass,cuopt,Optimal,1.4250234664846088e-05,1295200,True,True,True
S23,CD4Tcells_biomass_maintenance,CD4Tcells_biomass_maintenance,immune_cell_biomass,gurobi,Optimal,9.761321824626468e-07,98,True,True,True
S23,Colon_biomass_maintenance,Colon_biomass_maintenance,organ_biomass,cuopt,Optimal,1.6207438612823866e-05,1293200,True,True,True
S23,Colon_biomass_maintenance,Colon_biomass_maintenance,organ_biomass,gurobi,Optimal,9.761321824626468e-07,98,True,True,True
S23,Gall_biomass_maintenance,Gall_biomass_maintenance,organ_biomass,cuopt,Optimal,1.4250234664846088e-05,1295200,True,True,True
S23,Gall_biomass_maintenance,Gall_biomass_maintenance,organ_biomass,gurobi,Optimal,9.761321824626468e-07,98,True,True,True
S23,Heart_biomass_maintenance,Heart_biomass_maintenance,organ_biomass,cuopt,Optimal,1.6371334412254232e-05,1293000,True,True,True
S23,Heart_biomass_maintenance,Heart_biomass_maintenance,organ_biomass,gurobi,Optimal,9.761321824626468e-07,98,True,True,True
S23,Kidney_biomass_maintenance,Kidney_biomass_maintenance,organ_biomass,cuopt,Optimal,1.6207438612823866e-05,1293200,True,True,True
S23,Kidney_biomass_maintenance,Kidney_biomass_maintenance,organ_biomass,gurobi,Optimal,9.761321824626468e-07,98,True,True,True
S23,Liver_biomass_maintenance,Liver_biomass_maintenance,organ_biomass,cuopt,Optimal,1.5910358182948635e-05,1286600,True,True,True
S23,Liver_biomass_maintenance,Liver_biomass_maintenance,organ_biomass,gurobi,Optimal,9.761321824626468e-07,98,True,True,True
S23,Lung_biomass_maintenance,Lung_biomass_maintenance,organ_biomass,cuopt,Optimal,1.7013420596861777e-05,1292000,True,True,True
S23,Lung_biomass_maintenance,Lung_biomass_maintenance,organ_biomass,gurobi,Optimal,9.761321824626468e-07,98,True,True,True
S23,Monocyte_biomass_maintenance,Monocyte_biomass_maintenance,immune_cell_biomass,cuopt,Optimal,1.4250234664846088e-05,1295200,True,True,True
S23,Monocyte_biomass_maintenance,Monocyte_biomass_maintenance,immune_cell_biomass,gurobi,Optimal,9.761321824626468e-07,98,True,True,True
S23,Muscle_biomass_maintenance,Muscle_biomass_maintenance,organ_biomass,cuopt,Optimal,8.834831798770662e-05,1272000,True,True,True
S23,Muscle_biomass_maintenance,Muscle_biomass_maintenance,organ_biomass,gurobi,Optimal,9.761321824626468e-07,98,True,True,True
S23,Nkcells_biomass_maintenance,Nkcells_biomass_maintenance,immune_cell_biomass,cuopt,Optimal,1.4250234664846088e-05,1295200,True,True,True
S23,Nkcells_biomass_maintenance,Nkcells_biomass_maintenance,immune_cell_biomass,gurobi,Optimal,9.761321824626468e-07,98,True,True,True
S23,Pancreas_biomass_maintenance,Pancreas_biomass_maintenance,organ_biomass,cuopt,Optimal,1.4905561401212797e-05,1294600,True,True,True
S23,Pancreas_biomass_maintenance,Pancreas_biomass_maintenance,organ_biomass,gurobi,Optimal,9.761321824626468e-07,98,True,True,True
S23,Platelet_biomass_maintenance_noTrTr,Platelet_biomass_maintenance_noTrTr,immune_cell_biomass,cuopt,Optimal,1.4481876705912076e-05,1295000,True,True,True
S23,Platelet_biomass_maintenance_noTrTr,Platelet_biomass_maintenance_noTrTr,immune_cell_biomass,gurobi,Optimal,9.761321824626468e-07,98,True,True,True
S23,Prostate_biomass_maintenance,Prostate_biomass_maintenance,organ_biomass,cuopt,Optimal,1.4481876705912076e-05,1295000,True,True,True
S23,Prostate_biomass_maintenance,Prostate_biomass_maintenance,organ_biomass,gurobi,Optimal,9.761321824626468e-07,98,True,True,True
S23,Pthyroidgland_biomass_maintenance,Pthyroidgland_biomass_maintenance,organ_biomass,cuopt,Optimal,1.4250234664846088e-05,1295200,True,True,True
S23,Pthyroidgland_biomass_maintenance,Pthyroidgland_biomass_maintenance,organ_biomass,gurobi,Optimal,9.761321824626468e-07,98,True,True,True
S23,RBC_biomass_maintenance_noTrTr,RBC_biomass_maintenance_noTrTr,immune_cell_biomass,cuopt,Optimal,1.1341161755599257e-05,1283000,True,True,True
S23,RBC_biomass_maintenance_noTrTr,RBC_biomass_maintenance_noTrTr,immune_cell_biomass,gurobi,Optimal,9.761321824626468e-07,98,True,True,True
S23,Retina_biomass_maintenance,Retina_biomass_maintenance,organ_biomass,cuopt,Optimal,1.4250234664846088e-05,1295200,True,True,True
S23,Retina_biomass_maintenance,Retina_biomass_maintenance,organ_biomass,gurobi,Optimal,9.761321824626468e-07,98,True,True,True
S23,Scord_biomass_maintenance,Scord_biomass_maintenance,organ_biomass,cuopt,Optimal,0.0003489026626800257,1130200,False,True,False
S23,Scord_biomass_maintenance,Scord_biomass_maintenance,organ_biomass,gurobi,Optimal,9.761321824626468e-07,98,True,True,False
S23,Skin_biomass_maintenance,Skin_biomass_maintenance,organ_biomass,cuopt,TimeLimit,0.0003581957765874021,1062000,False,True,False
S23,Skin_biomass_maintenance,Skin_biomass_maintenance,organ_biomass,gurobi,Optimal,9.761321824626468e-07,98,True,True,False
S23,Spleen_biomass_maintenance,Spleen_biomass_maintenance,organ_biomass,cuopt,TimeLimit,0.0013331914098211328,1042600,False,True,False
S23,Spleen_biomass_maintenance,Spleen_biomass_maintenance,organ_biomass,gurobi,Optimal,9.761321824626468e-07,98,True,True,False
S23,Stomach_biomass_maintenance,Stomach_biomass_maintenance,organ_biomass,cuopt,TimeLimit,0.00035784082603542534,1064800,False,True,False
S23,Stomach_biomass_maintenance,Stomach_biomass_maintenance,organ_biomass,gurobi,Optimal,9.761321824626468e-07,98,True,True,False
S23,Testis_biomass_maintenance,Testis_biomass_maintenance,organ_biomass,cuopt,TimeLimit,1.4481876705912076e-05,1295000,False,True,False
S23,Testis_biomass_maintenance,Testis_biomass_maintenance,organ_biomass,gurobi,Optimal,9.761321824626468e-07,98,True,True,False
S23,Thyroidgland_biomass_maintenance,Thyroidgland_biomass_maintenance,organ_biomass,cuopt,Optimal,1.4481876705912076e-05,1295000,True,True,True
S23,Thyroidgland_biomass_maintenance,Thyroidgland_biomass_maintenance,organ_biomass,gurobi,Optimal,9.761321824626468e-07,98,True,True,True
S23,Urinarybladder_biomass_maintenance,Urinarybladder_biomass_maintenance,organ_biomass,cuopt,Optimal,1.4699185548077733e-05,1294800,True,True,True
S23,Urinarybladder_biomass_maintenance,Urinarybladder_biomass_maintenance,organ_biomass,gurobi,Optimal,9.761321824626468e-07,98,True,True,True
S23,panBacteroides_thetaiotaomicron_biomassPan,panBacteroides_thetaiotaomicron_biomassPan,microbiome_taxon,cuopt,Optimal,2.3453819761495036,1232200,False,True,False
S23,panBacteroides_thetaiotaomicron_biomassPan,panBacteroides_thetaiotaomicron_biomassPan,microbiome_taxon,gurobi,Optimal,9.761321824626468e-07,98,True,True,False
S23,panFaecalibacterium_prausnitzii_biomassPan,panFaecalibacterium_prausnitzii_biomassPan,microbiome_taxon,cuopt,Optimal,1.4481876705912076e-05,1295000,True,True,True
S23,panFaecalibacterium_prausnitzii_biomassPan,panFaecalibacterium_prausnitzii_biomassPan,microbiome_taxon,gurobi,Optimal,9.761321824626468e-07,98,True,True,True
S23,panEscherichia_coli_biomassPan,panEscherichia_coli_biomassPan,microbiome_taxon,cuopt,Optimal,1.6524598635212114e-05,1292800,True,True,True
S23,panEscherichia_coli_biomassPan,panEscherichia_coli_biomassPan,microbiome_taxon,gurobi,Optimal,9.761321824626468e-07,98,True,True,True
S23,panAkkermansia_muciniphila_biomassPan,panAkkermansia_muciniphila_biomassPan,microbiome_taxon,cuopt,Optimal,1.4481876705912076e-05,1295000,True,True,True
S23,panAkkermansia_muciniphila_biomassPan,panAkkermansia_muciniphila_biomassPan,microbiome_taxon,gurobi,Optimal,9.761321824626468e-07,98,True,True,True
S23,panBifidobacterium_longum_biomassPan,panBifidobacterium_longum_biomassPan,microbiome_taxon,cuopt,Optimal,1.4250234664846088e-05,1295200,True,True,True
S23,panBifidobacterium_longum_biomassPan,panBifidobacterium_longum_biomassPan,microbiome_taxon,gurobi,Optimal,9.761321824626468e-07,98,True,True,True
S23,panRoseburia_intestinalis_biomassPan,panRoseburia_intestinalis_biomassPan,microbiome_taxon,cuopt,Optimal,1.4250234664846088e-05,1295200,True,True,True
S23,panRoseburia_intestinalis_biomassPan,panRoseburia_intestinalis_biomassPan,microbiome_taxon,gurobi,Optimal,9.761321824626468e-07,98,True,True,True
S23,panEnterococcus_faecalis_biomassPan,panEnterococcus_faecalis_biomassPan,microbiome_taxon,cuopt,Optimal,1.4250234664846088e-05,1295200,True,True,True
S23,panEnterococcus_faecalis_biomassPan,panEnterococcus_faecalis_biomassPan,microbiome_taxon,gurobi,Optimal,9.761321824626468e-07,98,True,True,True
S23,panParabacteroides_distasonis_biomassPan,panParabacteroides_distasonis_biomassPan,microbiome_taxon,cuopt,Optimal,1.4481876705912076e-05,1295000,True,True,True
S23,panParabacteroides_distasonis_biomassPan,panParabacteroides_distasonis_biomassPan,microbiome_taxon,gurobi,Optimal,9.761321824626468e-07,98,True,True,True
S23,panAlistipes_finegoldii_biomassPan,panAlistipes_finegoldii_biomassPan,microbiome_taxon,cuopt,Optimal,1.4250234664846088e-05,1295200,True,True,True
S23,panAlistipes_finegoldii_biomassPan,panAlistipes_finegoldii_biomassPan,microbiome_taxon,gurobi,Optimal,9.761321824626468e-07,98,True,True,True
S23,panBlautia_obeum_biomassPan,panBlautia_obeum_biomassPan,microbiome_taxon,cuopt,Optimal,1.4250234664846088e-05,1295200,True,True,True
S23,panBlautia_obeum_biomassPan,panBlautia_obeum_biomassPan,microbiome_taxon,gurobi,Optimal,9.761321824626468e-07,98,True,True,True
S23,panFusobacterium_nucleatum_biomassPan,panFusobacterium_nucleatum_biomassPan,microbiome_taxon,cuopt,TimeLimit,0.00030530200892438345,1575600,False,True,False
S23,panFusobacterium_nucleatum_biomassPan,panFusobacterium_nucleatum_biomassPan,microbiome_taxon,gurobi,Optimal,9.761321824626468e-07,98,True,True,False
S23,panKlebsiella_pneumoniae_biomassPan,panKlebsiella_pneumoniae_biomassPan,microbiome_taxon,cuopt,Optimal,1.4250234664846088e-05,1295200,False,True,False
S23,panKlebsiella_pneumoniae_biomassPan,panKlebsiella_pneumoniae_biomassPan,microbiome_taxon,gurobi,Optimal,9.761321824626468e-07,98,True,True,False
S23,panMethanobrevibacter_smithii_biomassPan,panMethanobrevibacter_smithii_biomassPan,microbiome_taxon,cuopt,Optimal,0.046391703261148054,1255200,False,True,False
S23,panMethanobrevibacter_smithii_biomassPan,panMethanobrevibacter_smithii_biomassPan,microbiome_taxon,gurobi,Optimal,9.761321824626468e-07,98,True,True,False
S23,panDesulfovibrio_piger_biomassPan,panDesulfovibrio_piger_biomassPan,microbiome_taxon,cuopt,TimeLimit,1.4250234664846088e-05,1295200,False,True,False
S23,panDesulfovibrio_piger_biomassPan,panDesulfovibrio_piger_biomassPan,microbiome_taxon,gurobi,Optimal,9.761321824626468e-07,98,True,True,False
S23,panStreptococcus_salivarius_biomassPan,panStreptococcus_salivarius_biomassPan,microbiome_taxon,cuopt,Optimal,1.4250234664846088e-05,1295200,True,True,True
S23,panStreptococcus_salivarius_biomassPan,panStreptococcus_salivarius_biomassPan,microbiome_taxon,gurobi,Optimal,9.761321824626468e-07,98,True,True,True
S23,panVeillonella_parvula_biomassPan,panVeillonella_parvula_biomassPan,microbiome_taxon,cuopt,Optimal,1.4250234664846088e-05,1295200,True,True,True
S23,panVeillonella_parvula_biomassPan,panVeillonella_parvula_biomassPan,microbiome_taxon,gurobi,Optimal,9.761321824626468e-07,98,True,True,True
S23,panClostridioides_difficile_biomassPan,panClostridioides_difficile_biomassPan,microbiome_taxon,cuopt,Optimal,1.4250234664846088e-05,1295200,True,True,True
S23,panClostridioides_difficile_biomassPan,panClostridioides_difficile_biomassPan,microbiome_taxon,gurobi,Optimal,9.761321824626468e-07,98,True,True,True
S23,panClostridium_perfringens_biomassPan,panClostridium_perfringens_biomassPan,microbiome_taxon,cuopt,Optimal,1.4250234664846088e-05,1295200,True,True,True
S23,panClostridium_perfringens_biomassPan,panClostridium_perfringens_biomassPan,microbiome_taxon,gurobi,Optimal,9.761321824626468e-07,98,True,True,True
S23,panCoprococcus_comes_biomassPan,panCoprococcus_comes_biomassPan,microbiome_taxon,cuopt,Optimal,1.4250234664846088e-05,1295200,True,True,True
S23,panCoprococcus_comes_biomassPan,panCoprococcus_comes_biomassPan,microbiome_taxon,gurobi,Optimal,9.761321824626468e-07,98,True,True,True
S23,panDorea_formicigenerans_biomassPan,panDorea_formicigenerans_biomassPan,microbiome_taxon,cuopt,Optimal,1.4250234664846088e-05,1295200,True,True,True
S23,panDorea_formicigenerans_biomassPan,panDorea_formicigenerans_biomassPan,microbiome_taxon,gurobi,Optimal,9.761321824626468e-07,98,True,True,True
S23,panCollinsella_aerofaciens_biomassPan,panCollinsella_aerofaciens_biomassPan,microbiome_taxon,cuopt,Optimal,1.4250234664846088e-05,1295200,True,True,True
S23,panCollinsella_aerofaciens_biomassPan,panCollinsella_aerofaciens_biomassPan,microbiome_taxon,gurobi,Optimal,9.761321824626468e-07,98,True,True,True
S23,panSubdoligranulum_variabile_biomassPan,panSubdoligranulum_variabile_biomassPan,microbiome_taxon,cuopt,Optimal,1.4250234664846088e-05,1295200,True,True,True
S23,panSubdoligranulum_variabile_biomassPan,panSubdoligranulum_variabile_biomassPan,microbiome_taxon,gurobi,Optimal,9.761321824626468e-07,98,True,True,True
S83,Whole_body_objective_rxn,Whole_body_objective_rxn,whole_body,cuopt,Optimal,2.1417177295218574e-05,935600,True,True,True
S83,Whole_body_objective_rxn,Whole_body_objective_rxn,whole_body,gurobi,Optimal,9.901326588386526e-07,115,True,True,True
S83,Adipocytes_biomass_maintenance,Adipocytes_biomass_maintenance,organ_biomass,cuopt,Optimal,9.312356767973782e-05,595200,True,True,True
S83,Adipocytes_biomass_maintenance,Adipocytes_biomass_maintenance,organ_biomass,gurobi,Optimal,9.901326588386526e-07,115,True,True,True
S83,Agland_biomass_maintenance,Agland_biomass_maintenance,organ_biomass,cuopt,Optimal,2.1417177295218574e-05,935600,True,True,True
S83,Agland_biomass_maintenance,Agland_biomass_maintenance,organ_biomass,gurobi,Optimal,9.901326588386526e-07,115,True,True,True
S83,Bcells_biomass_maintenance,Bcells_biomass_maintenance,immune_cell_biomass,cuopt,Optimal,2.1417177295218574e-05,935600,True,True,True
S83,Bcells_biomass_maintenance,Bcells_biomass_maintenance,immune_cell_biomass,gurobi,Optimal,9.901326588386526e-07,115,True,True,True
S83,Brain_biomass_maintenance,Brain_biomass_maintenance,organ_biomass,cuopt,Optimal,9.312356767973782e-05,595200,True,True,True
S83,Brain_biomass_maintenance,Brain_biomass_maintenance,organ_biomass,gurobi,Optimal,9.901326588386526e-07,115,True,True,True
S83,CD4Tcells_biomass_maintenance,CD4Tcells_biomass_maintenance,immune_cell_biomass,cuopt,Optimal,2.1417177295218574e-05,935600,True,True,True
S83,CD4Tcells_biomass_maintenance,CD4Tcells_biomass_maintenance,immune_cell_biomass,gurobi,Optimal,9.901326588386526e-07,115,True,True,True
S83,Colon_biomass_maintenance,Colon_biomass_maintenance,organ_biomass,cuopt,Optimal,2.1417177295218574e-05,935600,True,True,True
S83,Colon_biomass_maintenance,Colon_biomass_maintenance,organ_biomass,gurobi,Optimal,9.901326588386526e-07,115,True,True,True
S83,Gall_biomass_maintenance,Gall_biomass_maintenance,organ_biomass,cuopt,Optimal,2.1417177295218574e-05,935600,True,True,True
S83,Gall_biomass_maintenance,Gall_biomass_maintenance,organ_biomass,gurobi,Optimal,9.901326588386526e-07,115,True,True,True
S83,Heart_biomass_maintenance,Heart_biomass_maintenance,organ_biomass,cuopt,Optimal,2.1417177295218574e-05,935600,True,True,True
S83,Heart_biomass_maintenance,Heart_biomass_maintenance,organ_biomass,gurobi,Optimal,9.901326588386526e-07,115,True,True,True
S83,Kidney_biomass_maintenance,Kidney_biomass_maintenance,organ_biomass,cuopt,Optimal,2.1417177295218574e-05,935600,True,True,True
S83,Kidney_biomass_maintenance,Kidney_biomass_maintenance,organ_biomass,gurobi,Optimal,9.901326588386526e-07,115,True,True,True
S83,Liver_biomass_maintenance,Liver_biomass_maintenance,organ_biomass,cuopt,Optimal,9.312356767973782e-05,595200,True,True,True
S83,Liver_biomass_maintenance,Liver_biomass_maintenance,organ_biomass,gurobi,Optimal,9.901326588386526e-07,115,True,True,True
S83,Lung_biomass_maintenance,Lung_biomass_maintenance,organ_biomass,cuopt,Optimal,2.1417177295218574e-05,935600,True,True,True
S83,Lung_biomass_maintenance,Lung_biomass_maintenance,organ_biomass,gurobi,Optimal,9.901326588386526e-07,115,True,True,True
S83,Monocyte_biomass_maintenance,Monocyte_biomass_maintenance,immune_cell_biomass,cuopt,Optimal,2.1417177295218574e-05,935600,True,True,True
S83,Monocyte_biomass_maintenance,Monocyte_biomass_maintenance,immune_cell_biomass,gurobi,Optimal,9.901326588386526e-07,115,True,True,True
S83,Muscle_biomass_maintenance,Muscle_biomass_maintenance,organ_biomass,cuopt,Optimal,9.312356767973782e-05,595200,True,True,True
S83,Muscle_biomass_maintenance,Muscle_biomass_maintenance,organ_biomass,gurobi,Optimal,9.901326588386526e-07,115,True,True,True
S83,Nkcells_biomass_maintenance,Nkcells_biomass_maintenance,immune_cell_biomass,cuopt,Optimal,2.1417177295218574e-05,935600,True,True,True
S83,Nkcells_biomass_maintenance,Nkcells_biomass_maintenance,immune_cell_biomass,gurobi,Optimal,9.901326588386526e-07,115,True,True,True
S83,Pancreas_biomass_maintenance,Pancreas_biomass_maintenance,organ_biomass,cuopt,Optimal,2.1417177295218574e-05,935600,True,True,True
S83,Pancreas_biomass_maintenance,Pancreas_biomass_maintenance,organ_biomass,gurobi,Optimal,9.901326588386526e-07,115,True,True,True
S83,Platelet_biomass_maintenance_noTrTr,Platelet_biomass_maintenance_noTrTr,immune_cell_biomass,cuopt,Optimal,2.1417177295218574e-05,935600,True,True,True
S83,Platelet_biomass_maintenance_noTrTr,Platelet_biomass_maintenance_noTrTr,immune_cell_biomass,gurobi,Optimal,9.901326588386526e-07,115,True,True,True
S83,Prostate_biomass_maintenance,Prostate_biomass_maintenance,organ_biomass,cuopt,Optimal,2.1417177295218574e-05,935600,True,True,True
S83,Prostate_biomass_maintenance,Prostate_biomass_maintenance,organ_biomass,gurobi,Optimal,9.901326588386526e-07,115,True,True,True
S83,Pthyroidgland_biomass_maintenance,Pthyroidgland_biomass_maintenance,organ_biomass,cuopt,Optimal,2.1417177295218574e-05,935600,True,True,True
S83,Pthyroidgland_biomass_maintenance,Pthyroidgland_biomass_maintenance,organ_biomass,gurobi,Optimal,9.901326588386526e-07,115,True,True,True
S83,RBC_biomass_maintenance_noTrTr,RBC_biomass_maintenance_noTrTr,immune_cell_biomass,cuopt,Optimal,9.312356767973782e-05,595200,True,True,True
S83,RBC_biomass_maintenance_noTrTr,RBC_biomass_maintenance_noTrTr,immune_cell_biomass,gurobi,Optimal,9.901326588386526e-07,115,True,True,True
S83,Retina_biomass_maintenance,Retina_biomass_maintenance,organ_biomass,cuopt,Optimal,2.1417177295218574e-05,935600,True,True,True
S83,Retina_biomass_maintenance,Retina_biomass_maintenance,organ_biomass,gurobi,Optimal,9.901326588386526e-07,115,True,True,True
S83,Scord_biomass_maintenance,Scord_biomass_maintenance,organ_biomass,cuopt,Optimal,2.1417177295218574e-05,935600,True,True,True
S83,Scord_biomass_maintenance,Scord_biomass_maintenance,organ_biomass,gurobi,Optimal,9.901326588386526e-07,115,True,True,True
S83,Skin_biomass_maintenance,Skin_biomass_maintenance,organ_biomass,cuopt,Optimal,9.312356767973782e-05,595200,True,True,True
S83,Skin_biomass_maintenance,Skin_biomass_maintenance,organ_biomass,gurobi,Optimal,9.901326588386526e-07,115,True,True,True
S83,Spleen_biomass_maintenance,Spleen_biomass_maintenance,organ_biomass,cuopt,Optimal,2.1417177295218574e-05,935600,True,True,True
S83,Spleen_biomass_maintenance,Spleen_biomass_maintenance,organ_biomass,gurobi,Optimal,9.901326588386526e-07,115,True,True,True
S83,Stomach_biomass_maintenance,Stomach_biomass_maintenance,organ_biomass,cuopt,Optimal,2.1417177295218574e-05,935600,True,True,True
S83,Stomach_biomass_maintenance,Stomach_biomass_maintenance,organ_biomass,gurobi,Optimal,9.901326588386526e-07,115,True,True,True
S83,Testis_biomass_maintenance,Testis_biomass_maintenance,organ_biomass,cuopt,Optimal,2.1417177295218574e-05,935600,True,True,True
S83,Testis_biomass_maintenance,Testis_biomass_maintenance,organ_biomass,gurobi,Optimal,9.901326588386526e-07,115,True,True,True
S83,Thyroidgland_biomass_maintenance,Thyroidgland_biomass_maintenance,organ_biomass,cuopt,Optimal,2.1417177295218574e-05,935600,True,True,True
S83,Thyroidgland_biomass_maintenance,Thyroidgland_biomass_maintenance,organ_biomass,gurobi,Optimal,9.901326588386526e-07,115,True,True,True
S83,Urinarybladder_biomass_maintenance,Urinarybladder_biomass_maintenance,organ_biomass,cuopt,Optimal,2.1417177295218574e-05,935600,True,True,True
S83,Urinarybladder_biomass_maintenance,Urinarybladder_biomass_maintenance,organ_biomass,gurobi,Optimal,9.901326588386526e-07,115,True,True,True
S83,panBacteroides_thetaiotaomicron_biomassPan,panBacteroides_thetaiotaomicron_biomassPan,microbiome_taxon,cuopt,Optimal,2.1417177295218574e-05,935600,True,True,True
S83,panBacteroides_thetaiotaomicron_biomassPan,panBacteroides_thetaiotaomicron_biomassPan,microbiome_taxon,gurobi,Optimal,9.901326588386526e-07,115,True,True,True
S83,panFaecalibacterium_prausnitzii_biomassPan,panFaecalibacterium_prausnitzii_biomassPan,microbiome_taxon,cuopt,Optimal,2.1417177295218574e-05,935600,True,True,True
S83,panFaecalibacterium_prausnitzii_biomassPan,panFaecalibacterium_prausnitzii_biomassPan,microbiome_taxon,gurobi,Optimal,9.901326588386526e-07,115,True,True,True
S83,panEscherichia_coli_biomassPan,panEscherichia_coli_biomassPan,microbiome_taxon,cuopt,Optimal,2.1417177295218574e-05,935600,True,True,True
S83,panEscherichia_coli_biomassPan,panEscherichia_coli_biomassPan,microbiome_taxon,gurobi,Optimal,9.901326588386526e-07,115,True,True,True
S83,panAkkermansia_muciniphila_biomassPan,panAkkermansia_muciniphila_biomassPan,microbiome_taxon,cuopt,Optimal,2.1417177295218574e-05,935600,True,True,True
S83,panAkkermansia_muciniphila_biomassPan,panAkkermansia_muciniphila_biomassPan,microbiome_taxon,gurobi,Optimal,9.901326588386526e-07,115,True,True,True
S83,panBifidobacterium_longum_biomassPan,panBifidobacterium_longum_biomassPan,microbiome_taxon,cuopt,Optimal,2.1417177295218574e-05,935600,True,True,True
S83,panBifidobacterium_longum_biomassPan,panBifidobacterium_longum_biomassPan,microbiome_taxon,gurobi,Optimal,9.901326588386526e-07,115,True,True,True
S83,panRoseburia_intestinalis_biomassPan,panRoseburia_intestinalis_biomassPan,microbiome_taxon,cuopt,Optimal,2.1417177295218574e-05,935600,True,True,True
S83,panRoseburia_intestinalis_biomassPan,panRoseburia_intestinalis_biomassPan,microbiome_taxon,gurobi,Optimal,9.901326588386526e-07,115,True,True,True
S83,panEnterococcus_faecalis_biomassPan,panEnterococcus_faecalis_biomassPan,microbiome_taxon,cuopt,Optimal,2.1417177295218574e-05,935600,True,True,True
S83,panEnterococcus_faecalis_biomassPan,panEnterococcus_faecalis_biomassPan,microbiome_taxon,gurobi,Optimal,9.901326588386526e-07,115,True,True,True
S83,panParabacteroides_distasonis_biomassPan,panParabacteroides_distasonis_biomassPan,microbiome_taxon,cuopt,Optimal,2.1417177295218574e-05,935600,True,True,True
S83,panParabacteroides_distasonis_biomassPan,panParabacteroides_distasonis_biomassPan,microbiome_taxon,gurobi,Optimal,9.901326588386526e-07,115,True,True,True
S83,panAlistipes_finegoldii_biomassPan,panAlistipes_finegoldii_biomassPan,microbiome_taxon,cuopt,Optimal,2.1417177295218574e-05,935600,True,True,True
S83,panAlistipes_finegoldii_biomassPan,panAlistipes_finegoldii_biomassPan,microbiome_taxon,gurobi,Optimal,9.901326588386526e-07,115,True,True,True
S83,panBlautia_obeum_biomassPan,panBlautia_obeum_biomassPan,microbiome_taxon,cuopt,Optimal,2.1417177295218574e-05,935600,True,True,True
S83,panBlautia_obeum_biomassPan,panBlautia_obeum_biomassPan,microbiome_taxon,gurobi,Optimal,9.901326588386526e-07,115,True,True,True
S83,panFusobacterium_nucleatum_biomassPan,panFusobacterium_nucleatum_biomassPan,microbiome_taxon,cuopt,Optimal,2.1417177295218574e-05,935600,True,True,True
S83,panFusobacterium_nucleatum_biomassPan,panFusobacterium_nucleatum_biomassPan,microbiome_taxon,gurobi,Optimal,9.901326588386526e-07,115,True,True,True
S83,panKlebsiella_pneumoniae_biomassPan,panKlebsiella_pneumoniae_biomassPan,microbiome_taxon,cuopt,Optimal,2.1417177295218574e-05,935600,True,True,True
S83,panKlebsiella_pneumoniae_biomassPan,panKlebsiella_pneumoniae_biomassPan,microbiome_taxon,gurobi,Optimal,9.901326588386526e-07,115,True,True,True
S83,panMethanobrevibacter_smithii_biomassPan,panMethanobrevibacter_smithii_biomassPan,microbiome_taxon,cuopt,Optimal,2.1417177295218574e-05,935600,True,True,True
S83,panMethanobrevibacter_smithii_biomassPan,panMethanobrevibacter_smithii_biomassPan,microbiome_taxon,gurobi,Optimal,9.901326588386526e-07,115,True,True,True
S83,panDesulfovibrio_piger_biomassPan,panDesulfovibrio_piger_biomassPan,microbiome_taxon,cuopt,Optimal,2.1417177295218574e-05,935600,True,True,True
S83,panDesulfovibrio_piger_biomassPan,panDesulfovibrio_piger_biomassPan,microbiome_taxon,gurobi,Optimal,9.901326588386526e-07,115,True,True,True
S83,panStreptococcus_salivarius_biomassPan,panStreptococcus_salivarius_biomassPan,microbiome_taxon,cuopt,Optimal,2.1417177295218574e-05,935600,True,True,True
S83,panStreptococcus_salivarius_biomassPan,panStreptococcus_salivarius_biomassPan,microbiome_taxon,gurobi,Optimal,9.901326588386526e-07,115,True,True,True
S83,panVeillonella_parvula_biomassPan,panVeillonella_parvula_biomassPan,microbiome_taxon,cuopt,Optimal,2.1417177295218574e-05,935600,True,True,True
S83,panVeillonella_parvula_biomassPan,panVeillonella_parvula_biomassPan,microbiome_taxon,gurobi,Optimal,9.901326588386526e-07,115,True,True,True
S83,panClostridioides_difficile_biomassPan,panClostridioides_difficile_biomassPan,microbiome_taxon,cuopt,Optimal,2.1417177295218574e-05,935600,True,True,True
S83,panClostridioides_difficile_biomassPan,panClostridioides_difficile_biomassPan,microbiome_taxon,gurobi,Optimal,9.901326588386526e-07,115,True,True,True
S83,panClostridium_perfringens_biomassPan,panClostridium_perfringens_biomassPan,microbiome_taxon,cuopt,Optimal,2.1417177295218574e-05,935600,True,True,True
S83,panClostridium_perfringens_biomassPan,panClostridium_perfringens_biomassPan,microbiome_taxon,gurobi,Optimal,9.901326588386526e-07,115,True,True,True
S83,panCoprococcus_comes_biomassPan,panCoprococcus_comes_biomassPan,microbiome_taxon,cuopt,Optimal,2.1417177295218574e-05,935600,True,True,True
S83,panCoprococcus_comes_biomassPan,panCoprococcus_comes_biomassPan,microbiome_taxon,gurobi,Optimal,9.901326588386526e-07,115,True,True,True
S83,panDorea_formicigenerans_biomassPan,panDorea_formicigenerans_biomassPan,microbiome_taxon,cuopt,Optimal,2.1417177295218574e-05,935600,True,True,True
S83,panDorea_formicigenerans_biomassPan,panDorea_formicigenerans_biomassPan,microbiome_taxon,gurobi,Optimal,9.901326588386526e-07,115,True,True,True
S83,panCollinsella_aerofaciens_biomassPan,panCollinsella_aerofaciens_biomassPan,microbiome_taxon,cuopt,Optimal,2.1417177295218574e-05,935600,True,True,True
S83,panCollinsella_aerofaciens_biomassPan,panCollinsella_aerofaciens_biomassPan,microbiome_taxon,gurobi,Optimal,9.901326588386526e-07,115,True,True,True
S83,panSubdoligranulum_variabile_biomassPan,panSubdoligranulum_variabile_biomassPan,microbiome_taxon,cuopt,Optimal,2.1417177295218574e-05,935600,True,True,True
S83,panSubdoligranulum_variabile_biomassPan,panSubdoligranulum_variabile_biomassPan,microbiome_taxon,gurobi,Optimal,9.901326588386526e-07,115,True,True,True
Harvetta,Whole_body_objective_rxn,Whole_body_objective_rxn,whole_body,cuopt,Optimal,3.2092831958322026e-09,24800,True,True,True
Harvetta,Whole_body_objective_rxn,Whole_body_objective_rxn,whole_body,gurobi,Optimal,2.4156179279088974e-09,71,True,True,True
Harvetta,Adipocytes_biomass_maintenance,Adipocytes_biomass_maintenance,organ_biomass,cuopt,Optimal,3.2092831958322026e-09,24800,True,True,True
Harvetta,Adipocytes_biomass_maintenance,Adipocytes_biomass_maintenance,organ_biomass,gurobi,Optimal,2.7939677238464355e-09,71,True,True,True
Harvetta,Agland_biomass_maintenance,Agland_biomass_maintenance,organ_biomass,cuopt,Optimal,3.2092831958322026e-09,24800,True,True,True
Harvetta,Agland_biomass_maintenance,Agland_biomass_maintenance,organ_biomass,gurobi,Optimal,2.4156179279088974e-09,71,True,True,True
Harvetta,Brain_biomass_maintenance,Brain_biomass_maintenance,organ_biomass,cuopt,Optimal,3.2092831958322026e-09,24800,True,True,True
Harvetta,Brain_biomass_maintenance,Brain_biomass_maintenance,organ_biomass,gurobi,Optimal,2.4156179279088974e-09,71,True,True,True
Harvetta,Colon_biomass_maintenance,Colon_biomass_maintenance,organ_biomass,cuopt,Optimal,3.2092831958322026e-09,24800,True,True,True
Harvetta,Colon_biomass_maintenance,Colon_biomass_maintenance,organ_biomass,gurobi,Optimal,2.4156179279088974e-09,71,True,True,True
Harvetta,Heart_biomass_maintenance,Heart_biomass_maintenance,organ_biomass,cuopt,Optimal,3.2092831958322026e-09,24800,True,True,True
Harvetta,Heart_biomass_maintenance,Heart_biomass_maintenance,organ_biomass,gurobi,Optimal,2.4156179279088974e-09,71,True,True,True
Harvetta,Kidney_biomass_maintenance,Kidney_biomass_maintenance,organ_biomass,cuopt,Optimal,3.2092831958322026e-09,24800,True,True,True
Harvetta,Kidney_biomass_maintenance,Kidney_biomass_maintenance,organ_biomass,gurobi,Optimal,2.4156179279088974e-09,71,True,True,True
Harvetta,Liver_biomass_maintenance,Liver_biomass_maintenance,organ_biomass,cuopt,Optimal,3.2092831958322026e-09,24800,True,True,True
Harvetta,Liver_biomass_maintenance,Liver_biomass_maintenance,organ_biomass,gurobi,Optimal,2.4156179279088974e-09,71,True,True,True
Harvetta,Lung_biomass_maintenance,Lung_biomass_maintenance,organ_biomass,cuopt,Optimal,3.2092831958322026e-09,24800,True,True,True
Harvetta,Lung_biomass_maintenance,Lung_biomass_maintenance,organ_biomass,gurobi,Optimal,2.4156179279088974e-09,71,True,True,True
Harvetta,Muscle_biomass_maintenance,Muscle_biomass_maintenance,organ_biomass,cuopt,Optimal,3.2092831958322026e-09,24800,True,True,True
Harvetta,Muscle_biomass_maintenance,Muscle_biomass_maintenance,organ_biomass,gurobi,Optimal,2.7939677238464355e-09,71,True,True,True
Harvetta,Pancreas_biomass_maintenance,Pancreas_biomass_maintenance,organ_biomass,cuopt,Optimal,3.2092831958322026e-09,24800,True,True,True
Harvetta,Pancreas_biomass_maintenance,Pancreas_biomass_maintenance,organ_biomass,gurobi,Optimal,2.4156179279088974e-09,71,True,True,True
Harvetta,Retina_biomass_maintenance,Retina_biomass_maintenance,organ_biomass,cuopt,Optimal,3.2092831958322026e-09,24800,True,True,True
Harvetta,Retina_biomass_maintenance,Retina_biomass_maintenance,organ_biomass,gurobi,Optimal,2.4156179279088974e-09,71,True,True,True
Harvetta,Scord_biomass_maintenance,Scord_biomass_maintenance,organ_biomass,cuopt,Optimal,3.2092831958322026e-09,24800,True,True,True
Harvetta,Scord_biomass_maintenance,Scord_biomass_maintenance,organ_biomass,gurobi,Optimal,2.4156179279088974e-09,71,True,True,True
Harvetta,Skin_biomass_maintenance,Skin_biomass_maintenance,organ_biomass,cuopt,Optimal,3.2092831958322026e-09,24800,True,True,True
Harvetta,Skin_biomass_maintenance,Skin_biomass_maintenance,organ_biomass,gurobi,Optimal,2.4156179279088974e-09,71,True,True,True
Harvetta,Spleen_biomass_maintenance,Spleen_biomass_maintenance,organ_biomass,cuopt,Optimal,3.2092831958322026e-09,24800,True,True,True
Harvetta,Spleen_biomass_maintenance,Spleen_biomass_maintenance,organ_biomass,gurobi,Optimal,2.4156179279088974e-09,71,True,True,True
Harvetta,Stomach_biomass_maintenance,Stomach_biomass_maintenance,organ_biomass,cuopt,Optimal,3.2092831958322026e-09,24800,True,True,True
Harvetta,Stomach_biomass_maintenance,Stomach_biomass_maintenance,organ_biomass,gurobi,Optimal,2.4156179279088974e-09,71,True,True,True
Harvetta,Thyroidgland_biomass_maintenance,Thyroidgland_biomass_maintenance,organ_biomass,cuopt,Optimal,3.2092831958322026e-09,24800,True,True,True
Harvetta,Thyroidgland_biomass_maintenance,Thyroidgland_biomass_maintenance,organ_biomass,gurobi,Optimal,2.4156179279088974e-09,71,True,True,True
Harvetta,Urinarybladder_biomass_maintenance,Urinarybladder_biomass_maintenance,organ_biomass,cuopt,Optimal,3.2092831958322026e-09,24800,True,True,True
Harvetta,Urinarybladder_biomass_maintenance,Urinarybladder_biomass_maintenance,organ_biomass,gurobi,Optimal,2.4156179279088974e-09,71,True,True,True
Harvetta,Bcells_biomass_maintenance,Bcells_biomass_maintenance,immune_cell_biomass,cuopt,Optimal,3.2092831958322026e-09,24800,True,True,True
Harvetta,Bcells_biomass_maintenance,Bcells_biomass_maintenance,immune_cell_biomass,gurobi,Optimal,2.4156179279088974e-09,71,True,True,True
Harvetta,CD4Tcells_biomass_maintenance,CD4Tcells_biomass_maintenance,immune_cell_biomass,cuopt,Optimal,3.2092831958322026e-09,24800,True,True,True
Harvetta,CD4Tcells_biomass_maintenance,CD4Tcells_biomass_maintenance,immune_cell_biomass,gurobi,Optimal,2.4156179279088974e-09,71,True,True,True
Harvetta,Monocyte_biomass_maintenance,Monocyte_biomass_maintenance,immune_cell_biomass,cuopt,Optimal,3.2092831958322026e-09,24800,True,True,True
Harvetta,Monocyte_biomass_maintenance,Monocyte_biomass_maintenance,immune_cell_biomass,gurobi,Optimal,2.4156179279088974e-09,71,True,True,True
Harvetta,Nkcells_biomass_maintenance,Nkcells_biomass_maintenance,immune_cell_biomass,cuopt,Optimal,3.2092831958322026e-09,24800,True,True,True
Harvetta,Nkcells_biomass_maintenance,Nkcells_biomass_maintenance,immune_cell_biomass,gurobi,Optimal,2.4156179279088974e-09,71,True,True,True
Harvetta,Platelet_biomass_maintenance_noTrTr,Platelet_biomass_maintenance_noTrTr,immune_cell_biomass,cuopt,Optimal,3.2092831958322026e-09,24800,True,True,True
Harvetta,Platelet_biomass_maintenance_noTrTr,Platelet_biomass_maintenance_noTrTr,immune_cell_biomass,gurobi,Optimal,2.4156179279088974e-09,71,True,True,True
Harvetta,RBC_biomass_maintenance_noTrTr,RBC_biomass_maintenance_noTrTr,immune_cell_biomass,cuopt,Optimal,3.2092831958322026e-09,24800,True,True,True
Harvetta,RBC_biomass_maintenance_noTrTr,RBC_biomass_maintenance_noTrTr,immune_cell_biomass,gurobi,Optimal,2.4156179279088974e-09,71,True,True,True
Harvetta,Uterus_biomass_maintenance,Uterus_biomass_maintenance,organ_biomass,cuopt,Optimal,3.2092831958322026e-09,24800,True,True,True
Harvetta,Uterus_biomass_maintenance,Uterus_biomass_maintenance,organ_biomass,gurobi,Optimal,2.4156179279088974e-09,71,True,True,True
